2302517-0,de_train,-2147483648
2302518-0,de_cache,-2147483648
2302519-0,de_cbble,211399940
2302520-0,de_mirage,-2147483648
2302521-0,de_mirage,-2147483648
2302522-0,de_cbble,211399940
2302523-0,de_train,-2147483648
2302523-1,de_dust2,-2147483648
2302524-0,de_train,-2147483648
2302524-1,de_cache,-2147483648
2302524-2,de_overpass,-2147483648
2302525-0,de_cache,-2147483648
2302525-1,de_mirage,-2147483648
2302525-2,de_dust2,-2147483648
2302526-0,de_dust2,-2147483648
2302526-1,de_train,-2147483648
2302559-0,de_cbble,211399940
2302559-1,de_inferno,-2147483648
2302559-2,de_cache,-2147483648
2302560-0,de_dust2,-2147483648
2302560-1,de_train,-2147483648
2302562-0,de_mirage,-2147483648
2302562-1,de_cbble,211399940
2300722-0,de_train,-2147483648
2300722-1,de_cbble,211399940
2300723-0,de_dust2,-2147483648
2300723-1,de_cbble,211399940
2300724-0,de_inferno,-2147483648
2300724-1,de_cbble,211399940
2300725-0,de_cbble,211399940
2300725-1,de_cache,597569438
2300762-0,de_cbble,211399940
2300762-1,de_mirage,1450024005
2300762-2,de_train,-2147483648
2300763-0,de_cache,597569438
2300763-1,de_cbble,211399940
2300763-2,de_mirage,1450024005
2300764-0,de_cache,597569438
2300764-1,de_cbble,211399940
2300765-0,de_cbble,211399940
2300765-1,de_overpass,-2147483648
2300777-0,de_cache,597569438
2300777-1,de_overpass,-2147483648
2300778-0,de_cbble,211399940
2300778-1,de_overpass,-2147483648
2300778-2,de_cache,597569438
2300413-0,de_inferno,-2147483648
2300414-0,de_overpass,-2147483648
2300427-0,de_train,-2147483648
2300428-0,de_mirage,1450024005
2300429-0,de_overpass,-2147483648
2300429-1,de_mirage,1450024005
2300429-2,de_train,-2147483648
2300430-0,de_cache,597569438
2300430-1,de_mirage,1450024005
2300430-2,de_cbble,211399940
2300437-0,de_train,-2147483648
2300437-1,de_cache,597569438
2300438-0,de_cbble,211399940
2300438-1,de_mirage,1450024005
2300439-0,de_train,-2147483648
2300439-1,de_overpass,-2147483648
2300440-0,de_cbble,211399940
2300440-1,de_train,-2147483648
2300444-0,de_train,-2147483648
2300444-1,de_cbble,211399940
2300270-0,de_train,-2147483648
2300270-1,de_mirage,1450024005
2300271-0,de_train,-2147483648
2300271-1,de_inferno,-2147483648
2300272-0,de_train,-2147483648
2300272-1,de_mirage,1450024005
2300273-0,de_inferno,-2147483648
2300273-1,de_cache,597569438
2300273-2,de_mirage,1450024005
2300274-0,de_dust2,-2147483648
2300274-1,de_train,-2147483648
2300275-0,de_mirage,1450024005
2300275-1,de_train,-2147483648
2300276-0,de_dust2,-2147483648
2300276-1,de_train,-2147483648
2300295-0,de_inferno,-2147483648
2300295-1,de_mirage,1450024005
2300296-0,de_inferno,-2147483648
2300296-1,de_dust2,-2147483648
2300296-2,de_cache,597569438
2300297-0,de_dust2,-2147483648
2300297-1,de_mirage,1450024005
2300297-2,de_inferno,-2147483648
2300315-0,de_cache,597569438
2300315-1,de_inferno,-2147483648
2300316-0,de_dust2,-2147483648
2300316-1,de_overpass,-2147483648
2300316-2,de_mirage,1450024005
2300317-0,de_mirage,1450024005
2300317-1,de_cache,597569438
2300317-2,de_inferno,-2147483648
2300318-0,de_cbble,211399940
2300318-1,de_train,-2147483648
2300344-0,de_dust2,-2147483648
2300344-1,de_cbble,211399940
2300570-0,de_overpass,-2147483648
2300570-1,de_train,-2147483648
2300570-2,de_cache,597569438
2300571-0,de_inferno,-2147483648
2300571-1,de_cbble,211399940
2300584-0,de_inferno,-2147483648
2300584-1,de_overpass,-2147483648
2300585-0,de_cbble,211399940
2300585-1,de_inferno,-2147483648
2300586-0,de_overpass,-2147483648
2300586-1,de_cache,597569438
2300586-2,de_cbble,211399940
2300591-0,de_cache,597569438
2300591-1,de_train,-2147483648
2300591-2,de_cbble,211399940
2300592-0,de_mirage,1450024005
2300592-1,de_overpass,-2147483648
2300593-0,de_cache,597569438
2300593-1,de_dust2,-2147483648
2300594-0,de_train,-2147483648
2300594-1,de_overpass,-2147483648
2300595-0,de_cache,597569438
2300595-1,de_train,-2147483648
2300616-0,de_mirage,1450024005
2300616-1,de_overpass,-2147483648
2300617-0,de_dust2,-2147483648
2300617-1,de_inferno,-2147483648
2300617-2,de_cbble,211399940
2300634-0,de_cache,597569438
2300634-1,de_overpass,-2147483648
2300634-2,de_mirage,1450024005
2300635-0,de_overpass,-2147483648
2300635-1,de_cbble,211399940
2300635-2,de_cbble,211399940
2300637-0,de_overpass,-2147483648
2300637-1,de_dust2,-2147483648
2300638-0,de_cbble,211399940
2300638-1,de_mirage,1450024005
2300638-2,de_inferno,-2147483648
2301818-0,de_cache,1323791646
2301822-0,de_mirage,-2147483648
2301823-0,de_cache,1323791646
2301824-0,de_train,-2147483648
2301826-0,de_train,-2147483648
2301827-0,de_train,-2147483648
2301828-0,de_train,-2147483648
2301840-0,de_cbble,211399940
2301841-0,de_mirage,-2147483648
2301844-0,de_inferno,-2147483648
2301845-0,de_dust2,-2147483648
2301850-0,de_cache,1323791646
2301851-0,de_overpass,-2147483648
2301852-0,de_dust2,-2147483648
2301853-0,de_cbble,211399940
2301858-0,de_cbble,211399940
2301858-1,de_cache,1323791646
2301858-2,de_overpass,-2147483648
2301859-0,de_mirage,-2147483648
2301859-1,de_cbble,211399940
2301860-0,de_cache,1323791646
2301860-1,de_cbble,211399940
2301860-2,de_mirage,-2147483648
2301861-1,de_inferno,-2147483648
2301861-2,de_cbble,211399940
2301868-0,de_inferno,-2147483648
2301868-1,de_mirage,-2147483648
2301869-0,de_overpass,-2147483648
2301869-1,de_cache,1323791646
2301870-0,de_cache,1323791646
2301870-1,de_mirage,-2147483648
2301871-0,de_cache,1323791646
2301871-1,de_cbble,211399940
2301871-2,de_overpass,-2147483648
2301878-0,de_inferno,-2147483648
2301878-1,de_dust2,-2147483648
2301879-0,de_mirage,-2147483648
2301879-1,de_cache,1323791646
2301885-0,de_mirage,-2147483648
2301885-1,de_overpass,-2147483648
2301437-0,de_inferno,-2147483648
2301437-1,de_dust2,-2147483648
2301438-0,de_mirage,-2147483648
2301438-1,de_train,-2147483648
2301438-3,de_overpass,-2147483648
2301439-0,de_cache,1323791646
2301439-1,de_dust2,-2147483648
2301440-0,de_dust2,-2147483648
2301440-1,de_cbble,211399940
2301440-2,de_mirage,-2147483648
2301445-0,de_overpass,-2147483648
2301445-1,de_train,-2147483648
2301455-0,de_dust2,-2147483648
2301455-1,de_train,-2147483648
2301456-1,de_inferno,-2147483648
2301456-2,de_mirage,-2147483648
2301145-0,de_dust2,-2147483648
2301146-0,de_mirage,-2147483648
2301147-0,de_mirage,-2147483648
2301148-0,de_dust2,-2147483648
2301149-0,de_inferno,-2147483648
2301150-0,de_mirage,-2147483648
2301151-0,de_inferno,-2147483648
2301152-0,de_cbble,211399940
2301153-0,de_inferno,-2147483648
2301154-0,de_overpass,-2147483648
2301155-0,de_cbble,211399940
2301156-0,de_cache,1323791646
2301157-0,de_cbble,211399940
2301158-0,de_mirage,-2147483648
2301159-0,de_dust2,-2147483648
2301160-0,de_train,-2147483648
2301161-0,de_cache,1323791646
2301162-0,de_overpass,-2147483648
2301163-0,de_inferno,-2147483648
2301164-0,de_cache,1323791646
2301165-0,de_dust2,-2147483648
2301166-0,de_train,-2147483648
2301167-0,de_mirage,-2147483648
2301168-0,de_cbble,211399940
2301169-0,de_inferno,-2147483648
2301170-0,de_overpass,-2147483648
2301171-0,de_mirage,-2147483648
2301172-0,de_cache,1323791646
2301173-0,de_mirage,-2147483648
2301174-0,de_cache,1323791646
2301183-0,de_overpass,-2147483648
2301183-1,de_cbble,211399940
2301183-2,de_mirage,-2147483648
2301184-0,de_train,-2147483648
2301184-1,de_inferno,-2147483648
2301185-0,de_overpass,-2147483648
2301185-1,de_inferno,-2147483648
2301186-0,de_overpass,-2147483648
2301186-1,de_cache,1323791646
2301186-2,de_inferno,-2147483648
2301187-1,de_cache,1323791646
2301187-2,de_inferno,-2147483648
2301702-0,de_overpass,-2147483648
2301703-0,de_cbble,211399940
2301704-0,de_cache,1323791646
2301705-0,de_overpass,-2147483648
2301706-0,de_mirage,-2147483648
2301707-0,de_mirage,-2147483648
2301708-0,de_cache,1323791646
2301709-0,de_inferno,-2147483648
2301721-0,de_cache,1323791646
2301722-0,de_mirage,-2147483648
2301723-0,de_mirage,-2147483648
2301724-0,de_dust2,-2147483648
2301725-0,de_dust2,-2147483648
2301726-0,de_cbble,211399940
2301727-0,de_mirage,-2147483648
2301728-0,de_inferno,-2147483648
2301733-0,de_train,-2147483648
2301734-0,de_cache,1323791646
2301737-0,de_overpass,-2147483648
2301738-0,de_cache,1323791646
2301742-0,de_dust2,-2147483648
2301742-1,de_mirage,-2147483648
2301742-2,de_cbble,211399940
2301745-0,de_cache,1323791646
2301745-1,de_mirage,-2147483648
2301751-0,de_overpass,-2147483648
2301751-1,de_cache,1323791646
2301752-0,de_dust2,-2147483648
2301752-1,de_mirage,-2147483648
2301752-2,de_cbble,211399940
2301761-0,de_dust2,-2147483648
2301761-1,de_cache,1323791646
2301762-0,de_cache,1323791646
2301762-1,de_train,-2147483648
2301763-0,de_inferno,-2147483648
2301763-1,de_dust2,-2147483648
2303302-0,de_overpass,-2147483648
2303303-0,de_dust2,-2147483648
2303314-0,de_train,-2147483648
2303315-0,de_dust2,-2147483648
2303316-0,de_train,-2147483648
2303317-0,de_train,-2147483648
2303318-0,de_cbble,787242208
2303319-0,de_dust2,-2147483648
2303359-0,de_cbble,787242208
2303360-0,de_dust2,-2147483648
2303361-0,de_cbble,787242208
2303362-0,de_train,-2147483648
2303363-0,de_cbble,787242208
2303364-0,de_train,-2147483648
2303367-0,de_cbble,787242208
2303368-0,de_train,-2147483648
2303370-0,de_cbble,787242208
2303370-1,de_mirage,1953099299
2303370-2,de_cache,152934076
2303372-0,de_overpass,-2147483648
2303372-1,de_cache,152934076
2303372-2,de_mirage,1953099299
2303376-0,de_cbble,787242208
2303376-1,de_mirage,1953099299
2303378-0,de_cache,152934076
2303378-1,de_mirage,1953099299
2303384-0,de_overpass,-2147483648
2303384-1,de_train,-2147483648
2303385-0,de_mirage,1953099299
2303385-1,de_nuke,-2147483648
2303386-0,de_train,-2147483648
2303386-1,de_nuke,-2147483648
2303386-2,de_cbble,787242208
2303387-0,de_train,-2147483648
2303387-1,de_cache,152934076
2303389-0,de_cbble,787242208
2303389-1,de_nuke,-2147483648
2303389-2,de_mirage,1953099299
2303393-0,de_cbble,787242208
2303393-1,de_cache,152934076
2303403-0,de_train,-2147483648
2303403-1,de_cbble,787242208
2301044-0,de_cbble,211399940
2301045-0,de_dust2,-2147483648
2301046-0,de_dust2,-2147483648
2301047-0,de_inferno,-2147483648
2301051-0,de_overpass,-2147483648
2301053-0,de_train,-2147483648
2301054-0,de_cache,-2147483648
2301055-0,de_inferno,-2147483648
2301056-0,de_cache,-2147483648
2301064-0,de_inferno,-2147483648
2301065-0,de_inferno,-2147483648
2301067-0,de_mirage,-2147483648
2301068-0,de_cache,1323791646
2301069-0,de_train,-2147483648
2301070-0,de_cache,1323791646
2301070-1,de_overpass,-2147483648
2301070-2,de_dust2,-2147483648
2301085-0,de_cache,1323791646
2301086-0,de_dust2,-2147483648
2301086-1,de_cbble,211399940
2301086-2,de_train,-2147483648
2301087-0,de_mirage,-2147483648
2301087-1,de_cache,1323791646
2300163-0,de_train,-2147483648
2300163-1,de_cbble,211399940
2302057-0,de_mirage,-2147483648
2302058-0,de_dust2,-2147483648
2302059-0,de_train,-2147483648
2302060-0,de_dust2,-2147483648
2302061-0,de_mirage,-2147483648
2302062-0,de_overpass,-2147483648
2302063-0,de_train,-2147483648
2302064-0,de_cbble,211399940
2302073-0,de_cbble,211399940
2302074-0,de_cache,1323791646
2302075-0,de_dust2,-2147483648
2302076-0,de_train,-2147483648
2302077-0,de_cache,1323791646
2302078-0,de_cache,1323791646
2302079-0,de_cache,1323791646
2302080-0,de_mirage,-2147483648
2302091-0,de_cache,1323791646
2302091-1,de_inferno,-2147483648
2302091-2,de_overpass,-2147483648
2302093-0,de_overpass,-2147483648
2302093-1,de_cache,1323791646
2302094-0,de_cache,1323791646
2302094-1,de_inferno,-2147483648
2302094-2,de_train,-2147483648
2302098-0,de_dust2,-2147483648
2302098-1,de_inferno,-2147483648
2302113-0,de_inferno,-2147483648
2302113-1,de_mirage,-2147483648
2302114-0,de_inferno,-2147483648
2302114-1,de_mirage,-2147483648
2302115-0,de_cache,1323791646
2302115-1,de_inferno,-2147483648
2302115-2,de_mirage,-2147483648
2302116-0,de_cache,1323791646
2302116-1,de_train,-2147483648
2302127-0,de_dust2,-2147483648
2302127-1,de_inferno,-2147483648
2302128-0,de_cbble,211399940
2302128-1,de_train,-2147483648
2302128-2,de_mirage,-2147483648
2302129-0,de_dust2,-2147483648
2302129-1,de_cbble,211399940
2300877-0,de_train,-2147483648
2300881-0,de_dust2,-2147483648
2300882-0,de_cbble,211399940
2300883-0,de_mirage,1450024005
2300884-0,de_mirage,1450024005
2300885-0,de_cbble,211399940
2300886-0,de_cbble,211399940
2300887-0,de_inferno,-2147483648
2300909-0,de_train,-2147483648
2300910-0,de_mirage,1450024005
2300912-0,de_overpass,-2147483648
2300913-0,de_cbble,211399940
2300914-0,de_mirage,1450024005
2300915-0,de_cbble,211399940
2300916-0,de_dust2,-2147483648
2300917-0,de_train,-2147483648
2300933-0,de_mirage,1450024005
2300934-0,de_inferno,-2147483648
2300935-0,de_overpass,-2147483648
2300936-0,de_overpass,-2147483648
2300937-0,de_dust2,-2147483648
2300938-0,de_inferno,-2147483648
2303117-0,de_cbble,787242208
2303118-0,de_train,-2147483648
2303119-0,de_cache,152934076
2303120-0,de_mirage,1953099299
2303121-0,de_mirage,1953099299
2303122-0,de_overpass,-2147483648
2303135-0,de_mirage,1953099299
2303135-1,de_cbble,787242208
2303138-0,de_nuke,-2147483648
2303138-1,de_mirage,1953099299
2303141-0,de_cbble,787242208
2303141-1,de_overpass,-2147483648
2303141-2,de_train,-2147483648
2303142-0,de_overpass,-2147483648
2303142-1,de_cache,152934076
2303145-0,de_cache,152934076
2303145-1,de_overpass,-2147483648
2303145-2,de_cbble,787242208
2303146-0,de_cache,152934076
2303146-1,de_mirage,1953099299
2303146-2,de_train,-2147483648
2303147-0,de_cache,152934076
2303147-1,de_mirage,1953099299
2306899-0,de_mirage,1953099299
2306900-0,de_dust2,-2147483648
2306901-0,de_train,-2147483648
2306902-0,de_cbble,787242208
2306903-0,de_mirage,1953099299
2306904-0,de_cache,1903442639
2306905-0,de_train,-2147483648
2306905-1,de_overpass,-2147483648
2306905-2,de_nuke,-2147483648
2306906-0,de_overpass,-2147483648
2306906-1,de_dust2,-2147483648
2306907-0,de_overpass,-2147483648
2306907-1,de_cache,1903442639
2306907-2,de_mirage,1953099299
2306908-0,de_mirage,1953099299
2306908-1,de_cbble,787242208
2306908-2,de_dust2,-2147483648
2306909-0,de_dust2,-2147483648
2306909-1,de_mirage,1953099299
2306909-2,de_cbble,787242208
2306910-0,de_cbble,787242208
2306910-1,de_train,-2147483648
2306910-2,de_overpass,-2147483648
2306911-0,de_nuke,-2147483648
2306911-1,de_cbble,787242208
2304732-0,de_cbble,787242208
2304733-0,de_train,-2147483648
2304734-0,de_mirage,1953099299
2304735-0,de_dust2,-2147483648
2304807-0,de_train,-2147483648
2304808-0,de_cbble,787242208
2304808-1,de_cache,-2147483648
2304810-0,de_train,-2147483648
2304811-0,de_train,-2147483648
2304811-1,de_cbble,787242208
2304811-2,de_mirage,1953099299
2304815-0,de_dust2,-2147483648
2304815-1,de_nuke,-2147483648
2304815-2,de_cbble,787242208
2304816-0,de_mirage,1953099299
2304816-1,de_cbble,787242208
2304816-2,de_overpass,-2147483648
2304823-0,de_nuke,-2147483648
2304823-1,de_cache,-2147483648
2304824-0,de_cache,-2147483648
2304824-1,de_mirage,1953099299
2304824-2,de_dust2,-2147483648
2304840-0,de_train,-2147483648
2304840-1,de_cbble,787242208
2302607-0,de_inferno,-2147483648
2302608-0,de_train,-2147483648
2302609-0,de_inferno,-2147483648
2302609-1,de_inferno,-2147483648
2302610-0,de_dust2,-2147483648
2302611-0,de_cbble,211399940
2302612-0,de_train,-2147483648
2302613-0,de_train,-2147483648
2302613-1,de_dust2,-2147483648
2302613-2,de_overpass,-2147483648
2302619-0,de_cbble,211399940
2302619-1,de_dust2,-2147483648
2302620-0,de_overpass,-2147483648
2302620-1,de_inferno,-2147483648
2302621-0,de_cache,-2147483648
2302621-1,de_mirage,-2147483648
2302622-0,de_inferno,-2147483648
2302622-1,de_cache,-2147483648
2302622-2,de_train,-2147483648
2302623-0,de_overpass,-2147483648
2302623-1,de_dust2,-2147483648
2302623-2,de_cbble,211399940
2302648-0,de_overpass,-2147483648
2302648-1,de_train,-2147483648
2302648-2,de_cbble,211399940
2302648-3,de_dust2,-2147483648
2302648-4,de_inferno,-2147483648
2302767-0,de_dust2,-2147483648
2302768-0,de_dust2,-2147483648
2302769-0,de_train,-2147483648
2302770-0,de_cache,2087624451
2302771-0,de_cbble,211399940
2302788-0,de_mirage,-2147483648
2302789-0,de_train,-2147483648
2302791-0,de_train,-2147483648
2302792-0,de_train,-2147483648
2302793-0,de_cbble,211399940
2302810-0,de_mirage,-2147483648
2302810-1,de_nuke,1696063123
2302811-0,de_cbble,211399940
2302811-1,de_cache,2087624451
2302820-0,de_mirage,-2147483648
2302820-1,de_cbble,211399940
2302820-2,de_dust2,-2147483648
2302882-0,de_cbble,211399940
2302883-0,de_train,-2147483648
2302884-0,de_cache,2087624451
2302885-0,de_cbble,211399940
2302886-0,de_train,-2147483648
2302887-0,de_dust2,-2147483648
2302888-0,de_train,-2147483648
2302889-0,de_nuke,1696063123
2302890-0,de_cbble,211399940
2302891-0,de_cache,2087624451
2302892-0,de_cbble,211399940
2302893-0,de_mirage,-2147483648
2302911-0,de_cache,2087624451
2302911-1,de_train,-2147483648
2302912-0,de_cbble,211399940
2302912-1,de_overpass,-2147483648
2302912-2,de_train,-2147483648
2302913-0,de_cache,2087624451
2302913-1,de_train,-2147483648
2302976-0,de_cache,2087624451
2302977-0,de_train,-2147483648
2302978-0,de_nuke,1696063123
2302979-0,de_overpass,-2147483648
2302980-0,de_train,-2147483648
2302981-0,de_dust2,-2147483648
2302982-0,de_cbble,211399940
2302984-0,de_overpass,-2147483648
2302986-0,de_train,-2147483648
2302987-0,de_dust2,-2147483648
2302988-0,de_train,-2147483648
2303014-0,de_overpass,-2147483648
2303014-1,de_cache,2087624451
2303015-0,de_train,-2147483648
2303015-1,de_cbble,211399940
2303015-2,de_overpass,-2147483648
2303027-0,de_mirage,-2147483648
2303027-1,de_dust2,-2147483648
2303027-2,de_overpass,-2147483648
2303064-0,de_cache,2087624451
2303065-0,de_mirage,-2147483648
2303066-0,de_cbble,211399940
2303067-0,de_mirage,-2147483648
2303068-0,de_cbble,211399940
2303069-0,de_mirage,-2147483648
2303070-0,de_cbble,211399940
2303071-0,de_train,-2147483648
2303072-0,de_cbble,211399940
2303073-0,de_dust2,-2147483648
2303074-0,de_mirage,-2147483648
2303075-0,de_dust2,-2147483648
2303108-0,de_cache,2087624451
2303108-1,de_mirage,-2147483648
2303108-2,de_cbble,211399940
2303109-0,de_cache,2087624451
2303109-1,de_overpass,-2147483648
2303109-2,de_mirage,-2147483648
2303116-0,de_cache,2087624451
2303116-1,de_cbble,211399940
2303150-0,de_train,-2147483648
2303151-0,de_dust2,-2147483648
2303152-0,de_train,-2147483648
2303153-0,de_cbble,787242208
2303154-0,de_mirage,1953099299
2303155-0,de_cbble,787242208
2303156-0,de_cbble,787242208
2303157-0,de_train,-2147483648
2303158-0,de_overpass,-2147483648
2303159-0,de_train,-2147483648
2303160-0,de_nuke,-2147483648
2303161-0,de_train,-2147483648
2303205-0,de_nuke,-2147483648
2303205-1,de_overpass,-2147483648
2303206-0,de_overpass,-2147483648
2303206-1,de_cache,152934076
2303211-0,de_train,-2147483648
2303211-1,de_mirage,1953099299
2303248-0,de_overpass,-2147483648
2303249-0,de_cbble,787242208
2303250-0,de_dust2,-2147483648
2303251-0,de_cbble,787242208
2303252-0,de_mirage,1953099299
2303254-0,de_train,-2147483648
2303255-0,de_cbble,787242208
2303256-0,de_nuke,-2147483648
2303257-0,de_train,-2147483648
2303258-0,de_cache,152934076
2303259-0,de_train,-2147483648
2303287-0,de_dust2,-2147483648
2303287-1,de_cache,152934076
2303288-0,de_mirage,1953099299
2303288-1,de_cbble,787242208
2303301-0,de_train,-2147483648
2303301-1,de_cache,152934076
2303419-0,de_cbble,787242208
2303419-1,de_train,-2147483648
2303420-0,de_dust2,-2147483648
2303420-1,de_mirage,1953099299
2303421-0,de_dust2,-2147483648
2303421-1,de_cache,152934076
2303421-2,de_overpass,-2147483648
2303422-0,de_mirage,1953099299
2303422-1,de_cbble,787242208
2303422-2,de_dust2,-2147483648
2303456-0,de_cbble,787242208
2303456-1,de_mirage,1953099299
2303461-0,de_train,-2147483648
2303461-1,de_dust2,-2147483648
2303461-2,de_cache,152934076
2303523-0,de_cbble,787242208
2303523-1,de_dust2,-2147483648
2303524-0,de_overpass,-2147483648
2303524-1,de_dust2,-2147483648
2303525-0,de_mirage,1953099299
2303525-1,de_dust2,-2147483648
2303526-0,de_dust2,-2147483648
2303526-1,de_cbble,787242208
2303594-0,de_cbble,787242208
2303594-1,de_train,-2147483648
2303595-0,de_train,-2147483648
2303595-1,de_cache,-2147483648
2303676-0,de_cbble,787242208
2303676-1,de_mirage,1953099299
2301071-0,de_cbble,211399940
2301072-0,de_dust2,-2147483648
2301073-0,de_mirage,-2147483648
2301074-0,de_inferno,-2147483648
2301075-0,de_train,-2147483648
2301076-0,de_inferno,-2147483648
2301077-0,de_mirage,-2147483648
2301077-1,de_mirage,-2147483648
2301078-0,de_cache,1323791646
2301079-0,de_cache,1323791646
2301080-0,de_mirage,-2147483648
2301081-0,de_cbble,211399940
2301082-0,de_mirage,-2147483648
2301088-0,de_mirage,-2147483648
2301088-1,de_inferno,-2147483648
2301089-0,de_cbble,211399940
2301089-1,de_overpass,-2147483648
2301090-0,de_overpass,-2147483648
2301090-1,de_inferno,-2147483648
2301093-0,de_mirage,-2147483648
2301093-1,de_cache,1323791646
2302432-0,de_train,-2147483648
2302432-1,de_cbble,211399940
2302433-0,de_mirage,-2147483648
2302433-2,de_overpass,-2147483648
2302434-0,de_inferno,-2147483648
2302434-1,de_mirage,-2147483648
2302435-0,de_cbble,211399940
2302435-1,de_cache,1323791646
2302435-2,de_overpass,-2147483648
2302436-0,de_overpass,-2147483648
2302436-1,de_cache,1323791646
2302452-0,de_mirage,-2147483648
2302452-1,de_train,-2147483648
2302452-2,de_cbble,211399940
2302453-0,de_mirage,-2147483648
2302453-1,de_cbble,211399940
2302454-0,de_mirage,-2147483648
2302454-1,de_cbble,211399940
2302454-2,de_cache,1323791646
2302454-3,de_cache,1323791646
2302455-0,de_mirage,-2147483648
2302455-1,de_inferno,-2147483648
2302456-0,de_cbble,211399940
2302456-1,de_overpass,-2147483648
2302460-0,de_dust2,-2147483648
2302460-1,de_train,-2147483648
2302460-3,de_cache,1323791646
2302460-4,de_cache,1323791646
2302460-5,de_mirage,-2147483648
2302461-0,de_dust2,-2147483648
2302461-2,de_cbble,211399940
2302466-0,de_cache,1323791646
2302466-1,de_dust2,-2147483648
2302466-2,de_mirage,-2147483648
2302466-3,de_cbble,211399940
2308756-0,de_inferno,1966908865
2308756-1,de_cbble,-2147483648
2308757-0,de_overpass,1151705951
2308757-1,de_nuke,1085448152
2308758-0,de_mirage,-2147483648
2308758-1,de_overpass,1151705951
2308759-0,de_train,-2147483648
2308759-1,de_mirage,-2147483648
2308759-2,de_cbble,988540422
2308760-0,de_train,-2147483648
2308760-1,de_mirage,-2147483648
2308760-2,de_mirage,-2147483648
2308760-3,de_cbble,988540422
2308761-0,de_cache,1060854352
2308761-1,de_mirage,-2147483648
2308867-0,de_cache,1060854352
2308867-1,de_cache,1060854352
2308867-2,de_cache,1060854352
2308867-3,de_cbble,988540422
2308867-4,de_mirage,-2147483648
2308876-0,de_train,-2147483648
2308876-1,de_cache,1060854352
2308877-0,de_cache,1060854352
2308877-1,de_nuke,679560331
2308878-0,de_mirage,-2147483648
2308878-1,de_cache,1060854352
2302681-0,de_cache,-2147483648
2302681-1,de_overpass,-2147483648
2302682-0,de_mirage,-2147483648
2302682-1,de_cache,-2147483648
2302682-2,de_cbble,211399940
2302683-0,de_mirage,-2147483648
2302683-1,de_cache,-2147483648
2302684-0,de_cbble,211399940
2302684-1,de_inferno,-2147483648
2302685-0,de_overpass,-2147483648
2302685-1,de_mirage,-2147483648
2302685-2,de_train,-2147483648
2302705-0,de_mirage,-2147483648
2302705-1,de_cache,2087624451
2302707-0,de_train,-2147483648
2302707-1,de_overpass,-2147483648
2302707-2,de_cbble,211399940
2302708-0,de_train,-2147483648
2302708-1,de_cache,2087624451
2302719-0,de_mirage,-2147483648
2302719-1,de_cbble,211399940
2302719-2,de_overpass,-2147483648
2302722-0,de_overpass,-2147483648
2302722-1,de_mirage,-2147483648
2302723-0,de_mirage,-2147483648
2302723-1,de_dust2,-2147483648
2302726-0,de_cbble,211399940
2302726-1,de_mirage,-2147483648
2302744-0,de_overpass,-2147483648
2302744-1,de_cbble,211399940
2302745-0,de_inferno,-2147483648
2302745-1,de_train,-2147483648
2302745-2,de_cbble,211399940
2305135-0,de_cbble,787242208
2305136-0,de_dust2,-2147483648
2305137-0,de_train,-2147483648
2305138-0,de_mirage,1953099299
2305192-0,de_train,-2147483648
2305193-0,de_train,-2147483648
2305194-0,de_train,-2147483648
2305195-0,de_overpass,-2147483648
2305196-0,de_mirage,1953099299
2305220-0,de_cache,-2147483648
2305221-0,de_dust2,-2147483648
2305222-0,de_mirage,1953099299
2305223-0,de_overpass,-2147483648
2305224-0,de_dust2,-2147483648
2305225-0,de_train,-2147483648
2305226-0,de_dust2,-2147483648
2305232-0,de_mirage,1953099299
2305232-1,de_mirage,1953099299
2305232-2,de_overpass,-2147483648
2305232-3,de_nuke,-2147483648
2305233-0,de_cbble,787242208
2305233-1,de_train,-2147483648
2305233-2,de_dust2,-2147483648
2305234-0,de_cbble,787242208
2305234-1,de_train,-2147483648
2305234-2,de_mirage,1953099299
2305260-0,de_cbble,787242208
2303182-0,de_train,-2147483648
2303183-0,de_cbble,787242208
2303184-0,de_cbble,787242208
2303185-0,de_dust2,-2147483648
2303209-0,de_train,-2147483648
2303210-0,de_cbble,787242208
2303212-0,de_cache,152934076
2303212-1,de_dust2,-2147483648
2303216-0,de_cbble,787242208
2303216-1,de_dust2,-2147483648
2303216-2,de_nuke,-2147483648
2303218-0,de_dust2,-2147483648
2303218-1,de_overpass,-2147483648
2303219-0,de_cache,152934076
2303219-1,de_train,-2147483648
2303223-0,de_overpass,-2147483648
2303223-1,de_dust2,-2147483648
2303224-0,de_overpass,-2147483648
2303224-1,de_cbble,787242208
2303225-0,de_dust2,-2147483648
2303225-1,de_overpass,-2147483648
2303001-0,de_mirage,-2147483648
2303002-0,de_cbble,211399940
2303003-0,de_cbble,211399940
2303004-0,de_dust2,-2147483648
2303005-0,de_dust2,-2147483648
2303006-0,de_cbble,211399940
2303007-0,de_mirage,-2147483648
2303008-0,de_cache,2087624451
2303019-0,de_train,-2147483648
2303020-0,de_cbble,211399940
2303021-0,de_cache,2087624451
2303022-0,de_nuke,1696063123
2303023-0,de_dust2,-2147483648
2303024-0,de_cbble,211399940
2303025-0,de_mirage,-2147483648
2303026-0,de_cbble,211399940
2303028-0,de_cbble,211399940
2303029-0,de_mirage,-2147483648
2303030-0,de_nuke,1696063123
2303031-0,de_train,-2147483648
2303032-0,de_cache,2087624451
2303033-0,de_cbble,211399940
2303034-0,de_dust2,-2147483648
2303035-0,de_train,-2147483648
2303037-0,de_mirage,-2147483648
2303038-0,de_dust2,-2147483648
2303039-0,de_train,-2147483648
2303040-0,de_cache,2087624451
2303041-0,de_cbble,211399940
2303042-0,de_train,-2147483648
2303043-0,de_overpass,-2147483648
2303044-0,de_cbble,211399940
2303045-0,de_cache,2087624451
2306657-0,de_nuke,-2147483648
2306658-0,de_mirage,1953099299
2306659-0,de_nuke,-2147483648
2306660-0,de_overpass,-2147483648
2306661-0,de_cbble,787242208
2306662-0,de_train,-2147483648
2306663-0,de_train,-2147483648
2306664-0,de_overpass,-2147483648
2306665-0,de_cache,1903442639
2306666-0,de_overpass,-2147483648
2306667-0,de_mirage,1953099299
2306668-0,de_dust2,-2147483648
2306669-0,de_mirage,1953099299
2306670-0,de_mirage,1953099299
2306671-0,de_nuke,-2147483648
2306672-0,de_cbble,787242208
2306672-1,de_cbble,787242208
2306673-0,de_mirage,1953099299
2306674-0,de_overpass,-2147483648
2306675-0,de_train,-2147483648
2306676-0,de_train,-2147483648
2306677-0,de_dust2,-2147483648
2306678-0,de_overpass,-2147483648
2306679-0,de_cbble,787242208
2306680-0,de_dust2,-2147483648
2306681-0,de_nuke,-2147483648
2306682-0,de_cbble,787242208
2306683-0,de_nuke,-2147483648
2306684-0,de_cbble,787242208
2306685-0,de_train,-2147483648
2306686-0,de_mirage,1953099299
2306714-0,de_nuke,-2147483648
2306714-1,de_train,-2147483648
2306714-2,de_dust2,-2147483648
2306715-0,de_dust2,-2147483648
2306715-1,de_cbble,787242208
2306716-0,de_train,-2147483648
2306716-1,de_mirage,1953099299
2306717-0,de_nuke,-2147483648
2306717-1,de_train,-2147483648
2306717-2,de_overpass,-2147483648
2306718-0,de_train,-2147483648
2306718-1,de_cache,1903442639
2306718-2,de_cbble,787242208
2304191-0,de_cache,-2147483648
2304191-1,de_dust2,-2147483648
2304192-0,de_mirage,1953099299
2304194-0,de_cbble,787242208
2304401-0,de_cbble,787242208
2304401-1,de_mirage,1953099299
2304401-2,de_train,-2147483648
2304406-0,de_cbble,787242208
2304407-0,de_cache,-2147483648
2304407-1,de_cbble,787242208
2304442-0,de_mirage,1953099299
2304442-1,de_cache,-2147483648
2304443-0,de_train,-2147483648
2304443-1,de_cbble,787242208
2304443-2,de_nuke,-2147483648
2304444-1,de_train,-2147483648
2304445-1,de_dust2,-2147483648
2304445-2,de_mirage,1953099299
2304446-1,de_mirage,1953099299
2304447-1,de_train,-2147483648
2304447-2,de_mirage,1953099299
2304448-0,de_train,-2147483648
2304448-1,de_nuke,-2147483648
2304448-2,de_cache,-2147483648
2304477-0,de_overpass,-2147483648
2304477-1,de_nuke,-2147483648
2304478-0,de_cbble,787242208
2304478-1,de_train,-2147483648
2304478-2,de_overpass,-2147483648
2306576-0,de_cache,1903442639
2306577-0,de_nuke,-2147483648
2306578-0,de_cbble,787242208
2306587-0,de_cache,1903442639
2306590-0,de_nuke,-2147483648
2306595-0,de_train,-2147483648
2306595-1,de_cache,1903442639
2306595-2,de_nuke,-2147483648
2306605-0,de_overpass,-2147483648
2306606-0,de_cache,1903442639
2306606-2,de_cbble,787242208
2306620-0,de_cbble,787242208
2306075-0,de_train,-2147483648
2306076-0,de_cbble,787242208
2306077-0,de_mirage,1953099299
2306078-0,de_dust2,-2147483648
2306079-0,de_mirage,1953099299
2306080-0,de_cbble,787242208
2306081-0,de_cache,1903442639
2306082-0,de_nuke,-2147483648
2306083-0,de_cbble,787242208
2306084-0,de_dust2,-2147483648
2306085-0,de_cache,-2147483648
2306086-0,de_overpass,-2147483648
2306087-0,de_cache,-2147483648
2306088-0,de_mirage,1953099299
2306089-0,de_dust2,-2147483648
2306090-0,de_mirage,1953099299
2306091-0,de_cbble,787242208
2306092-0,de_mirage,1953099299
2306093-0,de_cache,-2147483648
2306094-0,de_dust2,-2147483648
2306095-0,de_cbble,787242208
2306096-0,de_dust2,-2147483648
2306097-0,de_cbble,787242208
2306098-0,de_mirage,1953099299
2306099-0,de_overpass,-2147483648
2306237-0,de_nuke,-2147483648
2306237-1,de_dust2,-2147483648
2306238-0,de_dust2,-2147483648
2306238-1,de_cbble,787242208
2306239-0,de_nuke,-2147483648
2306239-1,de_overpass,-2147483648
2306239-2,de_cbble,787242208
2306240-0,de_cbble,787242208
2306240-1,de_mirage,1953099299
2306241-0,de_overpass,-2147483648
2306241-1,de_mirage,1953099299
2306241-2,de_dust2,-2147483648
2303741-0,de_mirage,1953099299
2303744-0,de_cache,-2147483648
2303745-1,de_nuke,-2147483648
2303745-2,de_mirage,1953099299
2303746-0,de_mirage,1953099299
2303747-0,de_dust2,-2147483648
2303748-0,de_mirage,1953099299
2303749-0,de_cbble,787242208
2303750-0,de_train,-2147483648
2303750-1,de_cbble,787242208
2303751-0,de_cbble,787242208
2303751-1,de_dust2,-2147483648
2303752-1,de_nuke,-2147483648
2303752-3,de_cbble,787242208
2303753-0,de_cache,-2147483648
2303753-1,de_cbble,787242208
2303551-0,de_mirage,1953099299
2303552-1,de_cache,-2147483648
2303553-0,de_overpass,-2147483648
2303554-0,de_cache,-2147483648
2303555-0,de_overpass,-2147483648
2303556-0,de_cache,-2147483648
2303557-0,de_overpass,-2147483648
2303558-0,de_dust2,-2147483648
2303559-0,de_mirage,1953099299
2303560-0,de_mirage,1953099299
2303561-0,de_cbble,787242208
2303562-0,de_cache,-2147483648
2303565-1,de_train,-2147483648
2303566-0,de_cache,-2147483648
2303566-1,de_overpass,-2147483648
2303566-2,de_nuke,-2147483648
2303581-0,de_train,-2147483648
2303581-1,de_dust2,-2147483648
2303581-2,de_cbble,787242208
2303582-0,de_cache,-2147483648
2303582-1,de_dust2,-2147483648
2304515-0,de_cache,-2147483648
2304516-0,de_mirage,1953099299
2304517-0,de_train,-2147483648
2304519-0,de_train,-2147483648
2304520-0,de_mirage,1953099299
2304521-0,de_train,-2147483648
2304522-0,de_cbble,787242208
2304523-0,de_cbble,787242208
2304558-0,de_nuke,-2147483648
2304559-0,de_overpass,-2147483648
2304560-0,de_mirage,1953099299
2304561-0,de_dust2,-2147483648
2304564-0,de_dust2,-2147483648
2304567-0,de_mirage,1953099299
2304568-0,de_cbble,787242208
2304569-0,de_mirage,1953099299
2304574-0,de_dust2,-2147483648
2304574-1,de_overpass,-2147483648
2304575-0,de_train,-2147483648
2304575-1,de_nuke,-2147483648
2304575-2,de_cache,-2147483648
2304576-0,de_train,-2147483648
2304576-1,de_overpass,-2147483648
2304576-2,de_mirage,1953099299
2304577-0,de_dust2,-2147483648
2304577-1,de_cache,-2147483648
2304627-0,de_overpass,-2147483648
2304627-1,de_train,-2147483648
2304627-2,de_mirage,1953099299
2304628-0,de_cache,-2147483648
2304628-1,de_dust2,-2147483648
2304628-2,de_overpass,-2147483648
2304629-0,de_dust2,-2147483648
2304629-1,de_cbble,787242208
2304630-0,de_cbble,787242208
2304630-1,de_nuke,-2147483648
2304630-2,de_mirage,1953099299
2304674-0,de_dust2,-2147483648
2304674-1,de_cbble,787242208
2304675-0,de_cbble,787242208
2304675-1,de_dust2,-2147483648
2304676-0,de_cache,-2147483648
2304676-1,de_overpass,-2147483648
2304676-2,de_overpass,-2147483648
2304676-3,de_overpass,-2147483648
2306101-0,de_dust2,-2147483648
2306105-0,de_overpass,-2147483648
2306106-0,de_dust2,-2147483648
2306109-0,de_overpass,-2147483648
2306110-0,de_cbble,787242208
2306111-0,de_cbble,787242208
2306112-0,de_train,-2147483648
2306113-0,de_cbble,787242208
2306115-0,de_dust2,-2147483648
2306185-1,de_mirage,1953099299
2306187-0,de_overpass,-2147483648
2306190-1,de_cache,1903442639
2306191-0,de_nuke,-2147483648
2306192-1,de_cache,1903442639
2306193-1,de_train,-2147483648
2306193-2,de_cache,1903442639
2306195-0,de_dust2,-2147483648
2306196-0,de_mirage,1953099299
2306196-1,de_cbble,787242208
2306197-0,de_mirage,1953099299
2306202-0,de_mirage,1953099299
2306206-0,de_overpass,-2147483648
2306206-1,de_dust2,-2147483648
2306208-0,de_cbble,787242208
2306208-1,de_cache,1903442639
2306208-2,de_dust2,-2147483648
2306209-0,de_dust2,-2147483648
2306214-0,de_dust2,-2147483648
2306214-1,de_mirage,1953099299
2306214-2,de_cbble,787242208
2306215-0,de_cbble,787242208
2306216-0,de_cache,1903442639
2306217-0,de_nuke,-2147483648
2306217-1,de_dust2,-2147483648
2306225-0,de_train,-2147483648
2306225-1,de_cbble,787242208
2306225-2,de_mirage,1953099299
2306226-0,de_cbble,787242208
2306226-1,de_nuke,-2147483648
2306227-0,de_cbble,787242208
2306227-1,de_train,-2147483648
2306227-2,de_mirage,1953099299
2306228-0,de_dust2,-2147483648
2306228-1,de_cbble,787242208
2306251-0,de_dust2,-2147483648
2306251-1,de_cbble,787242208
2306253-0,de_cbble,787242208
2306253-1,de_cache,1903442639
2306255-0,de_train,-2147483648
2306255-1,de_cbble,787242208
2306255-2,de_dust2,-2147483648
2306257-0,de_cache,1903442639
2306257-1,de_overpass,-2147483648
2306268-0,de_dust2,-2147483648
2306268-1,de_cbble,787242208
2306268-2,de_cache,1903442639
2304252-0,de_nuke,-2147483648
2304253-0,de_dust2,-2147483648
2304254-0,de_cache,-2147483648
2304255-0,de_mirage,1953099299
2304288-0,de_cache,-2147483648
2304289-0,de_cache,-2147483648
2304290-0,de_train,-2147483648
2304291-0,de_cache,-2147483648
2304292-0,de_cache,-2147483648
2304293-0,de_train,-2147483648
2304294-0,de_cbble,787242208
2304294-1,de_dust2,-2147483648
2304294-2,de_overpass,-2147483648
2304295-0,de_mirage,1953099299
2304295-1,de_dust2,-2147483648
2304296-0,de_cbble,787242208
2304296-1,de_inferno,-2147483648
2307056-1,de_dust2,1954603074
2307057-0,de_mirage,1953099299
2307058-0,de_dust2,1954603074
2307059-0,de_overpass,-2147483648
2307060-0,de_cache,1903442639
2307061-0,de_nuke,-2147483648
2307062-0,de_dust2,1954603074
2307062-1,de_overpass,-2147483648
2307062-2,de_cache,1903442639
2307063-0,de_cache,1903442639
2307063-1,de_train,487988445
2307064-0,de_train,487988445
2307064-1,de_nuke,-2147483648
2307064-2,de_cache,1903442639
2307065-0,de_cache,1903442639
2307065-1,de_mirage,1953099299
2307065-2,de_overpass,-2147483648
2307141-0,de_overpass,-2147483648
2307141-1,de_nuke,-2147483648
2307142-0,de_cache,1903442639
2307142-1,de_overpass,-2147483648
2307143-0,de_overpass,-2147483648
2307143-1,de_train,487988445
2305874-0,de_mirage,1953099299
2305875-0,de_train,-2147483648
2305876-0,de_nuke,-2147483648
2305877-0,de_overpass,-2147483648
2305878-0,de_train,-2147483648
2305879-0,de_nuke,-2147483648
2305880-0,de_cache,1903442639
2305881-0,de_cbble,787242208
2306020-0,de_dust2,-2147483648
2306021-0,de_mirage,1953099299
2306021-1,de_train,-2147483648
2306021-2,de_overpass,-2147483648
2306022-0,de_mirage,1953099299
2306022-1,de_train,-2147483648
2306022-2,de_overpass,-2147483648
2306290-0,de_cbble,787242208
2306291-0,de_nuke,-2147483648
2306291-1,de_dust2,-2147483648
2306292-0,de_nuke,-2147483648
2306292-1,de_train,-2147483648
2306293-0,de_overpass,-2147483648
2306294-0,de_cbble,787242208
2306294-1,de_overpass,-2147483648
2306295-0,de_dust2,-2147483648
2306295-1,de_train,-2147483648
2306296-0,de_overpass,-2147483648
2306297-0,de_overpass,-2147483648
2306297-1,de_dust2,-2147483648
2306297-2,de_cbble,787242208
2306298-0,de_cbble,787242208
2306298-1,de_dust2,-2147483648
2306820-0,de_dust2,1954603074
2306820-1,de_mirage,1953099299
2306820-2,de_overpass,-2147483648
2306821-0,de_cbble,787242208
2306821-1,de_train,487988445
2306821-2,de_overpass,-2147483648
2306822-0,de_train,487988445
2306822-1,de_cache,1903442639
2306823-0,de_nuke,-2147483648
2306823-1,de_overpass,-2147483648
2306823-2,de_cache,1903442639
2307008-0,de_overpass,-2147483648
2307008-1,de_train,487988445
2307009-0,de_train,487988445
2307009-1,de_overpass,-2147483648
2307010-0,de_train,487988445
2307010-1,de_cbble,787242208
2307010-2,de_overpass,-2147483648
2305787-0,de_mirage,1953099299
2305788-0,de_cbble,787242208
2305789-0,de_mirage,1953099299
2305790-0,de_nuke,-2147483648
2305791-0,de_cache,-2147483648
2305792-0,de_overpass,-2147483648
2305793-0,de_cbble,787242208
2305794-0,de_cache,-2147483648
2305795-0,de_cbble,787242208
2305796-0,de_nuke,-2147483648
2305797-0,de_cbble,787242208
2305798-0,de_nuke,-2147483648
2305799-0,de_train,-2147483648
2305800-0,de_cbble,787242208
2305801-0,de_train,-2147483648
2305802-0,de_mirage,1953099299
2305803-0,de_dust2,-2147483648
2305804-0,de_overpass,-2147483648
2305805-0,de_overpass,-2147483648
2305806-0,de_cbble,787242208
2305807-0,de_nuke,-2147483648
2305808-0,de_overpass,-2147483648
2305810-0,de_mirage,1953099299
2305973-0,de_dust2,-2147483648
2305973-1,de_cbble,787242208
2305974-0,de_train,-2147483648
2305974-1,de_cbble,787242208
2305974-2,de_mirage,1953099299
2305975-0,de_train,-2147483648
2305975-1,de_nuke,-2147483648
2305975-2,de_cbble,787242208
2305976-0,de_cbble,787242208
2305976-1,de_overpass,-2147483648
2305976-2,de_nuke,-2147483648
2305977-0,de_nuke,-2147483648
2305977-1,de_cbble,787242208
2305977-2,de_mirage,1953099299
2304945-0,de_dust2,-2147483648
2304946-0,de_train,-2147483648
2304947-0,de_mirage,1953099299
2304948-0,de_mirage,1953099299
2304949-0,de_train,-2147483648
2304950-0,de_mirage,1953099299
2304951-0,de_cache,-2147483648
2304984-0,de_cache,-2147483648
2304985-0,de_cbble,787242208
2304987-0,de_mirage,1953099299
2304988-0,de_overpass,-2147483648
2304989-0,de_dust2,-2147483648
2304990-0,de_train,-2147483648
2304991-0,de_cbble,787242208
2304992-0,de_train,-2147483648
2304992-1,de_cbble,787242208
2304993-0,de_train,-2147483648
2304993-1,de_mirage,1953099299
2304994-0,de_mirage,1953099299
2304994-1,de_train,-2147483648
2304995-0,de_dust2,-2147483648
2304995-1,de_mirage,1953099299
2305017-0,de_cache,-2147483648
2305017-1,de_overpass,-2147483648
2305018-0,de_nuke,-2147483648
2305018-1,de_dust2,-2147483648
2305019-0,de_cbble,787242208
2305019-1,de_mirage,1953099299
2305020-0,de_cbble,787242208
2305020-1,de_dust2,-2147483648
2305078-0,de_train,-2147483648
2305078-1,de_mirage,1953099299
2305079-0,de_cache,-2147483648
2305079-1,de_overpass,-2147483648
2305080-0,de_train,-2147483648
2305080-1,de_dust2,-2147483648
2305080-2,de_cbble,787242208
2306391-0,de_overpass,-2147483648
2306392-0,de_cache,1903442639
2306392-2,de_mirage,1953099299
2306393-0,de_dust2,-2147483648
2306393-2,de_mirage,1953099299
2306408-0,de_mirage,1953099299
2306408-1,de_nuke,-2147483648
2306408-2,de_overpass,-2147483648
2306409-0,de_overpass,-2147483648
2306416-0,de_cbble,787242208
2306423-0,de_cache,1903442639
2306423-1,de_cbble,787242208
2306423-2,de_overpass,-2147483648
2306424-0,de_cache,1903442639
2306424-1,de_cbble,787242208
2306434-0,de_cache,1903442639
2306434-1,de_mirage,1953099299
2306435-0,de_cbble,787242208
2306435-1,de_mirage,1953099299
2306436-0,de_dust2,-2147483648
2306436-1,de_train,-2147483648
2306442-0,de_mirage,1953099299
2306442-1,de_cache,1903442639
2306442-2,de_train,-2147483648
2306449-0,de_mirage,1953099299
2306449-1,de_cache,1903442639
2306450-0,de_cbble,787242208
2306450-1,de_dust2,-2147483648
2304954-0,de_mirage,1953099299
2304954-1,de_cbble,787242208
2304954-2,de_cache,-2147483648
2304954-3,de_nuke,-2147483648
2304955-0,de_cache,-2147483648
2304955-1,de_mirage,1953099299
2304955-2,de_dust2,-2147483648
2304955-3,de_overpass,-2147483648
2304956-0,de_cache,-2147483648
2304956-1,de_cbble,787242208
2304956-2,de_dust2,-2147483648
2306607-0,de_overpass,-2147483648
2306608-0,de_mirage,1953099299
2306609-0,de_cbble,787242208
2306610-0,de_cache,1903442639
2306611-0,de_nuke,-2147483648
2306611-1,de_train,-2147483648
2306612-0,de_dust2,-2147483648
2306613-0,de_nuke,-2147483648
2306613-1,de_mirage,1953099299
2306614-0,de_mirage,1953099299
2306615-0,de_dust2,-2147483648
2306615-1,de_mirage,1953099299
2306615-2,de_overpass,-2147483648
2306616-0,de_nuke,-2147483648
2306616-1,de_mirage,1953099299
2306616-2,de_train,-2147483648
2306617-0,de_cache,1903442639
2306617-1,de_train,-2147483648
2306617-2,de_mirage,1953099299
2307321-0,de_cbble,787242208
2307322-0,de_cache,-2147483648
2307323-0,de_mirage,-2147483648
2307324-0,de_cbble,787242208
2307325-0,de_cbble,787242208
2307326-0,de_cache,-2147483648
2307327-0,de_train,487988445
2307328-0,de_nuke,198936178
2307517-0,de_cache,-2147483648
2307518-0,de_cbble,787242208
2307519-0,de_mirage,-2147483648
2307520-0,de_overpass,-2147483648
2307521-0,de_cbble,787242208
2307522-0,de_train,487988445
2307523-0,de_overpass,-2147483648
2307524-0,de_nuke,198936178
2307525-0,de_dust2,1954603074
2307526-0,de_cache,-2147483648
2307527-0,de_mirage,-2147483648
2307528-0,de_train,487988445
2307529-0,de_train,487988445
2307530-0,de_dust2,1954603074
2307531-0,de_nuke,198936178
2307532-0,de_train,487988445
2307533-0,de_overpass,-2147483648
2307534-0,de_cbble,787242208
2307536-0,de_cache,-2147483648
2307537-0,de_dust2,1954603074
2307538-0,de_overpass,-2147483648
2307539-0,de_overpass,-2147483648
2307540-0,de_nuke,198936178
2307541-0,de_mirage,-2147483648
2307542-0,de_overpass,-2147483648
2307542-1,de_mirage,-2147483648
2307542-2,de_dust2,1954603074
2307543-0,de_cache,-2147483648
2307543-1,de_overpass,-2147483648
2307543-2,de_dust2,1954603074
2307544-0,de_overpass,-2147483648
2307544-1,de_cache,-2147483648
2307544-2,de_cbble,787242208
2307545-0,de_mirage,-2147483648
2307545-1,de_train,487988445
2307545-2,de_overpass,-2147483648
2307546-0,de_cache,-2147483648
2307546-1,de_nuke,198936178
2307547-0,de_train,487988445
2307547-1,de_cbble,787242208
2307548-0,de_nuke,198936178
2307548-1,de_overpass,-2147483648
2307548-2,de_train,487988445
2307144-0,de_mirage,1953099299
2307145-0,de_cbble,787242208
2307146-0,de_mirage,1953099299
2307147-0,de_mirage,1953099299
2307148-0,de_dust2,1954603074
2307149-0,de_overpass,-2147483648
2307150-0,de_train,487988445
2307151-0,de_overpass,-2147483648
2307190-0,de_dust2,1954603074
2307191-0,de_dust2,1954603074
2307192-0,de_overpass,-2147483648
2307193-0,de_dust2,1954603074
2307194-0,de_cache,1903442639
2307195-0,de_mirage,1953099299
2307196-0,de_mirage,1953099299
2307197-0,de_overpass,-2147483648
2307198-0,de_dust2,1954603074
2307199-0,de_train,487988445
2307200-0,de_train,487988445
2307201-0,de_mirage,1953099299
2307202-0,de_overpass,-2147483648
2307203-0,de_mirage,1953099299
2307204-0,de_dust2,1954603074
2307205-0,de_mirage,1953099299
2307206-0,de_train,487988445
2307207-0,de_nuke,149708965
2307208-0,de_dust2,1954603074
2307209-0,de_cache,1903442639
2307210-0,de_overpass,-2147483648
2307211-0,de_cache,1903442639
2307212-0,de_dust2,1954603074
2307213-0,de_cache,1903442639
2307214-0,de_overpass,-2147483648
2305434-0,de_dust2,-2147483648
2305435-0,de_overpass,-2147483648
2305438-0,de_mirage,1953099299
2305441-0,de_cache,-2147483648
2305443-0,de_mirage,1953099299
2305444-0,de_cache,-2147483648
2305446-0,de_cbble,787242208
2305448-0,de_mirage,1953099299
2305449-0,de_train,-2147483648
2305452-0,de_overpass,-2147483648
2305454-0,de_mirage,1953099299
2305458-0,de_train,-2147483648
2305461-0,de_dust2,-2147483648
2305463-0,de_cbble,787242208
2305464-0,de_cache,-2147483648
2305467-0,de_overpass,-2147483648
2305469-0,de_cbble,787242208
2305534-0,de_mirage,1953099299
2305536-0,de_overpass,-2147483648
2305536-1,de_mirage,1953099299
2305536-2,de_cbble,787242208
2305537-0,de_mirage,1953099299
2305537-1,de_train,-2147483648
2305544-0,de_train,-2147483648
2305544-2,de_overpass,-2147483648
2305545-0,de_cache,-2147483648
2305545-1,de_mirage,1953099299
2305554-0,de_cache,-2147483648
2305554-1,de_cbble,787242208
2305554-2,de_train,-2147483648
2305555-0,de_mirage,1953099299
2305555-1,de_cache,-2147483648
2305555-2,de_train,-2147483648
2305726-0,de_dust2,-2147483648
2305727-0,de_train,-2147483648
2305728-0,de_cache,-2147483648
2305729-0,de_cbble,787242208
2305730-0,de_mirage,1953099299
2305766-0,de_overpass,-2147483648
2305767-0,de_mirage,1953099299
2305768-0,de_nuke,-2147483648
2305769-0,de_train,-2147483648
2305770-0,de_cbble,787242208
2305820-0,de_overpass,-2147483648
2305821-0,de_nuke,-2147483648
2305822-0,de_train,-2147483648
2305824-0,de_dust2,-2147483648
2305825-0,de_cache,-2147483648
2305904-0,de_dust2,-2147483648
2305905-0,de_cache,-2147483648
2305906-0,de_cbble,787242208
2305907-0,de_mirage,1953099299
2305908-0,de_overpass,-2147483648
2305933-0,de_overpass,-2147483648
2305934-0,de_nuke,-2147483648
2305935-0,de_cache,-2147483648
2305936-0,de_dust2,-2147483648
2305936-1,de_dust2,-2147483648
2305937-0,de_mirage,1953099299
2305941-0,de_train,-2147483648
2305942-0,de_cache,-2147483648
2305943-0,de_cbble,787242208
2305944-0,de_dust2,-2147483648
2305945-0,de_mirage,1953099299
2305963-0,de_mirage,1953099299
2305967-0,de_dust2,-2147483648
2305968-0,de_cache,-2147483648
2305970-0,de_train,-2147483648
2306054-0,de_overpass,-2147483648
2306054-1,de_cbble,787242208
2306058-0,de_train,-2147483648
2306058-1,de_cbble,787242208
2306059-0,de_dust2,-2147483648
2306059-1,de_train,-2147483648
2306059-2,de_cbble,787242208
2306060-0,de_mirage,1953099299
2306060-1,de_overpass,-2147483648
2306073-0,de_cache,-2147483648
2306073-1,de_mirage,1953099299
2307284-0,de_mirage,1953099299
2307285-0,de_overpass,-2147483648
2307286-0,de_train,487988445
2307287-0,de_overpass,-2147483648
2307288-0,de_overpass,-2147483648
2307289-0,de_cache,1903442639
2307290-0,de_train,487988445
2307290-1,de_dust2,1954603074
2307291-0,de_dust2,1954603074
2307291-1,de_overpass,-2147483648
2307292-0,de_train,487988445
2307292-1,de_mirage,1953099299
2307293-0,de_dust2,1954603074
2307293-1,de_cache,1903442639
2307293-2,de_mirage,1953099299
2307294-0,de_train,487988445
2307294-1,de_overpass,-2147483648
2307295-0,de_mirage,1953099299
2307295-1,de_overpass,-2147483648
2307296-0,de_dust2,1954603074
2307296-1,de_train,487988445
2307904-0,de_nuke,679560331
2307905-0,de_inferno,1966908865
2307906-0,de_cbble,988540422
2307907-0,de_inferno,1966908865
2307908-0,de_cbble,988540422
2307909-0,de_overpass,1151705951
2307910-0,de_mirage,-2147483648
2307911-0,de_cbble,988540422
2307921-0,de_nuke,679560331
2307922-0,de_mirage,-2147483648
2307923-0,de_cbble,988540422
2307924-0,de_mirage,-2147483648
2307925-0,de_nuke,679560331
2307926-0,de_cbble,988540422
2307927-0,de_overpass,1151705951
2307928-0,de_mirage,-2147483648
2307929-0,de_nuke,679560331
2307929-1,de_cbble,988540422
2307930-0,de_mirage,-2147483648
2307930-1,de_cbble,988540422
2307931-0,de_cbble,988540422
2307931-1,de_train,-2147483648
2307931-3,de_cache,1060854352
2307932-0,de_mirage,-2147483648
2307932-1,de_nuke,679560331
2307932-2,de_train,-2147483648
2307933-0,de_nuke,679560331
2307933-1,de_inferno,1966908865
2307934-0,de_train,-2147483648
2307934-1,de_mirage,-2147483648
2307935-0,de_inferno,1966908865
2307935-1,de_mirage,-2147483648
2307936-0,de_mirage,-2147483648
2307936-1,de_train,-2147483648
2307937-0,de_nuke,679560331
2307937-1,de_overpass,1151705951
2307937-2,de_train,-2147483648
2307938-0,de_cache,1060854352
2307938-1,de_mirage,-2147483648
2307939-0,de_cbble,988540422
2307939-1,de_train,-2147483648
2307939-2,de_mirage,-2147483648
2311211-0,de_cbble,754870349
2311212-0,de_nuke,1429090831
2311213-0,de_inferno,1966908865
2311214-0,de_inferno,1966908865
2311215-0,de_inferno,1966908865
2311216-0,de_mirage,-2147483648
2311217-0,de_cache,1560576749
2311218-0,de_cbble,754870349
2311219-0,de_nuke,1429090831
2311220-0,de_train,-2147483648
2311221-0,de_cache,1560576749
2311222-0,de_cbble,754870349
2311223-0,de_nuke,1429090831
2311224-0,de_cbble,754870349
2311225-0,de_mirage,-2147483648
2311226-0,de_mirage,-2147483648
2311227-0,de_nuke,1429090831
2311228-0,de_overpass,1151705951
2311229-0,de_cbble,754870349
2311230-0,de_cbble,754870349
2311231-0,de_mirage,-2147483648
2311232-0,de_inferno,1966908865
2311233-0,de_cbble,754870349
2311234-0,de_overpass,1151705951
2311235-0,de_cbble,754870349
2311236-0,de_mirage,-2147483648
2311237-0,de_inferno,1966908865
2311238-0,de_cbble,754870349
2311239-0,de_cbble,754870349
2311240-0,de_mirage,-2147483648
2311267-0,de_mirage,-2147483648
2311267-1,de_cache,1560576749
2311268-0,de_cbble,754870349
2311268-1,de_train,-2147483648
2311268-2,de_nuke,1429090831
2311269-0,de_cache,1560576749
2311269-1,de_overpass,1151705951
2311270-0,de_nuke,1429090831
2311270-1,de_mirage,-2147483648
2311271-0,de_cache,1560576749
2311271-1,de_cbble,754870349
2311271-2,de_overpass,1151705951
2311271-3,de_inferno,1966908865
2311330-0,de_train,-2147483648
2311330-1,de_train,-2147483648
2311330-2,de_train,-2147483648
2311331-0,de_train,-2147483648
2311332-0,de_train,-2147483648
2311332-1,de_train,-2147483648
2306808-0,de_train,-2147483648
2306809-0,de_cbble,787242208
2306810-0,de_mirage,1953099299
2306810-1,de_cache,1903442639
2306810-2,de_dust2,-2147483648
2306838-0,de_nuke,-2147483648
2306839-0,de_mirage,1953099299
2306840-0,de_mirage,1953099299
2306841-0,de_dust2,-2147483648
2306841-1,de_overpass,-2147483648
2306841-2,de_train,-2147483648
2306842-0,de_cache,1903442639
2306842-1,de_dust2,-2147483648
2306871-0,de_cbble,787242208
2306871-1,de_train,-2147483648
2306871-2,de_mirage,1953099299
2306873-0,de_train,-2147483648
2306873-1,de_cbble,787242208
2306873-2,de_mirage,1953099299
2306933-0,de_cbble,787242208
2306933-1,de_overpass,-2147483648
2306933-2,de_mirage,1953099299
2306933-3,de_dust2,-2147483648
2307329-0,de_mirage,1953099299
2307329-1,de_cache,1903442639
2307330-0,de_mirage,1953099299
2307330-1,de_train,487988445
2307331-0,de_cache,1903442639
2307331-1,de_cbble,787242208
2307332-0,de_train,487988445
2307332-1,de_cache,1903442639
2307333-0,de_overpass,-2147483648
2307333-1,de_mirage,1953099299
2307335-0,de_mirage,1953099299
2307335-1,de_cache,1903442639
2307336-0,de_overpass,-2147483648
2307336-1,de_dust2,1954603074
2307337-0,de_mirage,1953099299
2307337-1,de_cache,1903442639
2307338-0,de_mirage,1953099299
2307338-1,de_cache,1903442639
2307339-0,de_train,487988445
2307339-1,de_cbble,787242208
2307340-0,de_overpass,-2147483648
2307340-1,de_train,487988445
2307341-0,de_cbble,787242208
2307341-1,de_train,487988445
2307342-0,de_train,487988445
2307342-1,de_mirage,1953099299
2307344-0,de_cbble,787242208
2307344-1,de_mirage,1953099299
2307345-0,de_overpass,-2147483648
2307345-1,de_cache,1903442639
2307346-0,de_cbble,787242208
2307346-1,de_overpass,-2147483648
2307347-0,de_dust2,1954603074
2307347-1,de_cache,1903442639
2307348-0,de_mirage,1953099299
2307348-1,de_train,487988445
2307349-0,de_cache,1903442639
2307349-1,de_dust2,1954603074
2307350-0,de_cbble,787242208
2307350-1,de_cache,1903442639
2307351-0,de_cbble,787242208
2307351-1,de_mirage,1953099299
2307352-0,de_dust2,1954603074
2307352-1,de_cbble,787242208
2307354-0,de_train,487988445
2307354-1,de_mirage,1953099299
2307355-0,de_train,487988445
2307355-1,de_cache,1903442639
2307356-0,de_mirage,1953099299
2307356-1,de_dust2,1954603074
2307357-0,de_mirage,1953099299
2307357-1,de_dust2,1954603074
2307358-0,de_cbble,787242208
2307358-1,de_overpass,-2147483648
2307369-0,de_cbble,787242208
2307369-1,de_dust2,1954603074
2307370-0,de_cbble,787242208
2307370-1,de_train,487988445
2307371-0,de_cbble,787242208
2307371-1,de_mirage,1953099299
2307372-0,de_mirage,1953099299
2307372-1,de_overpass,-2147483648
2307373-0,de_cache,1903442639
2307373-1,de_dust2,1954603074
2307374-0,de_overpass,-2147483648
2307374-1,de_cbble,787242208
2307375-0,de_mirage,1953099299
2307375-1,de_cache,-2147483648
2307376-0,de_cbble,787242208
2307376-1,de_mirage,1953099299
2307377-0,de_dust2,1954603074
2307377-1,de_overpass,-2147483648
2307378-0,de_dust2,1954603074
2307378-1,de_mirage,1953099299
2307380-0,de_cache,1903442639
2307380-1,de_train,487988445
2307381-0,de_nuke,198936178
2307381-1,de_cache,-2147483648
2307382-0,de_mirage,-2147483648
2307382-1,de_cbble,787242208
2307383-0,de_nuke,198936178
2307383-1,de_cbble,787242208
2307385-0,de_mirage,-2147483648
2307385-1,de_cache,-2147483648
2307386-0,de_dust2,1954603074
2307386-1,de_overpass,-2147483648
2307387-0,de_train,487988445
2307387-1,de_cache,-2147483648
2307388-0,de_train,487988445
2307388-1,de_cache,-2147483648
2307390-0,de_overpass,-2147483648
2307390-1,de_cache,-2147483648
2307391-0,de_cbble,787242208
2307391-1,de_cache,-2147483648
2307392-0,de_mirage,-2147483648
2307392-1,de_dust2,1954603074
2307393-0,de_overpass,-2147483648
2307393-1,de_mirage,-2147483648
2307394-0,de_cache,-2147483648
2307394-1,de_overpass,-2147483648
2307395-0,de_dust2,1954603074
2307395-1,de_cache,-2147483648
2307396-0,de_cache,-2147483648
2307396-1,de_train,487988445
2307397-0,de_cache,-2147483648
2307397-1,de_train,487988445
2307398-0,de_mirage,-2147483648
2307398-1,de_overpass,-2147483648
2307399-0,de_dust2,1954603074
2307399-1,de_mirage,-2147483648
2307451-0,de_mirage,-2147483648
2307451-1,de_overpass,-2147483648
2307452-0,de_cache,-2147483648
2307452-1,de_train,487988445
2307453-0,de_mirage,-2147483648
2307453-1,de_cbble,787242208
2307454-0,de_cbble,787242208
2307454-1,de_cache,-2147483648
2307455-0,de_cache,-2147483648
2307455-1,de_mirage,-2147483648
2307455-2,de_dust2,1954603074
2307456-0,de_mirage,-2147483648
2307456-1,de_dust2,1954603074
2307456-2,de_nuke,198936178
2307457-0,de_cache,-2147483648
2307457-1,de_overpass,-2147483648
2307457-2,de_cbble,787242208
2307458-0,de_nuke,198936178
2307458-1,de_cbble,787242208
2307459-0,de_cache,-2147483648
2307459-1,de_cbble,787242208
2307459-2,de_dust2,1954603074
2307460-0,de_dust2,1954603074
2307460-1,de_mirage,-2147483648
2307461-0,de_cbble,787242208
2307461-1,de_nuke,198936178
2307462-0,de_train,487988445
2307462-1,de_dust2,1954603074
2307428-0,de_cbble,787242208
2307429-0,de_overpass,-2147483648
2307430-0,de_dust2,1954603074
2307431-0,de_overpass,-2147483648
2307432-0,de_cbble,787242208
2307433-0,de_nuke,149708965
2307434-0,de_cache,1903442639
2307434-1,de_train,487988445
2307435-0,de_mirage,1953099299
2307435-1,de_cache,1903442639
2307436-1,de_overpass,-2147483648
2307436-2,de_cbble,787242208
2307437-0,de_dust2,1954603074
2307437-1,de_train,487988445
2307438-0,de_train,487988445
2307438-1,de_dust2,1954603074
2307438-2,de_cbble,787242208
2307439-0,de_cache,1903442639
2307439-1,de_nuke,149708965
2307440-0,de_cache,1903442639
2307440-1,de_train,487988445
2310104-0,de_overpass,1151705951
2310105-0,de_inferno,1966908865
2310106-0,de_train,-2147483648
2310107-0,de_cache,1560576749
2310108-0,de_nuke,1429090831
2310109-0,de_inferno,1966908865
2310110-0,de_mirage,-2147483648
2310110-1,de_nuke,1429090831
2310111-0,de_cbble,754870349
2310111-1,de_train,-2147483648
2310111-2,de_nuke,1429090831
2310112-0,de_nuke,1429090831
2310112-1,de_inferno,1966908865
2310113-0,de_cbble,754870349
2310113-1,de_inferno,1966908865
2310113-2,de_cache,1560576749
2310114-0,de_overpass,1151705951
2310114-1,de_inferno,1966908865
2310114-2,de_cbble,754870349
2310115-0,de_nuke,1429090831
2310115-1,de_train,-2147483648
2310115-2,de_cbble,754870349
2310116-0,de_train,-2147483648
2310116-1,de_inferno,1966908865
2310289-0,de_train,-2147483648
2310293-0,de_mirage,-2147483648
2310294-0,de_train,-2147483648
2310295-0,de_mirage,-2147483648
2310295-1,de_nuke,1429090831
2310295-2,de_train,-2147483648
2310296-0,de_inferno,1966908865
2310296-1,de_cbble,754870349
2310297-0,de_cbble,754870349
2310297-1,de_train,-2147483648
2310297-2,de_mirage,-2147483648
2310298-0,de_cbble,754870349
2310298-1,de_train,-2147483648
2310299-0,de_overpass,1151705951
2310299-1,de_cache,1560576749
2310299-2,de_cbble,754870349
2310300-0,de_cbble,754870349
2310300-1,de_cache,1560576749
2310301-0,de_cache,1560576749
2310301-1,de_cbble,754870349
2310384-0,de_inferno,1966908865
2310385-0,de_cbble,754870349
2310386-0,de_cache,1560576749
2311457-0,de_cbble,754870349
2311459-0,de_cbble,754870349
2311460-0,de_mirage,-2147483648
2311461-0,de_cache,1560576749
2311462-0,de_train,-2147483648
2311463-0,de_nuke,1429090831
2311463-1,de_mirage,-2147483648
2311464-0,de_train,-2147483648
2311464-1,de_cache,1560576749
2311465-0,de_inferno,1966908865
2311465-1,de_mirage,-2147483648
2311466-0,de_train,-2147483648
2311466-1,de_inferno,1966908865
2311467-0,de_mirage,-2147483648
2311467-1,de_train,-2147483648
2311467-2,de_cbble,754870349
2311468-0,de_inferno,1966908865
2311468-1,de_overpass,1151705951
2311468-2,de_mirage,-2147483648
2311469-0,de_inferno,1966908865
2311469-1,de_overpass,1151705951
2311469-2,de_mirage,-2147483648
2307081-0,de_overpass,-2147483648
2307081-1,de_overpass,-2147483648
2307081-2,de_dust2,1954603074
2307082-0,de_mirage,1953099299
2307082-1,de_cbble,787242208
2307083-0,de_dust2,1954603074
2307083-1,de_cbble,787242208
2307084-0,de_cache,1903442639
2307084-1,de_train,487988445
2307085-0,de_dust2,1954603074
2307085-1,de_cbble,787242208
2307086-0,de_mirage,1953099299
2307086-1,de_dust2,1954603074
2307087-0,de_mirage,1953099299
2307087-1,de_dust2,1954603074
2307088-0,de_train,487988445
2307088-1,de_dust2,1954603074
2307089-0,de_dust2,1954603074
2307089-1,de_cbble,787242208
2307090-0,de_dust2,1954603074
2307091-0,de_train,487988445
2307091-1,de_train,487988445
2307091-2,de_dust2,1954603074
2307092-0,de_mirage,1953099299
2307092-1,de_cache,1903442639
2307093-0,de_mirage,1953099299
2307093-1,de_dust2,1954603074
2307094-0,de_cbble,787242208
2307094-1,de_cbble,787242208
2307094-2,de_mirage,1953099299
2307095-0,de_dust2,1954603074
2307095-1,de_mirage,1953099299
2307096-0,de_cache,1903442639
2307096-1,de_overpass,-2147483648
2307097-0,de_nuke,149708965
2307097-1,de_overpass,-2147483648
2307098-0,de_dust2,1954603074
2307098-1,de_cache,1903442639
2307099-0,de_train,487988445
2307099-1,de_cbble,787242208
2307100-0,de_cache,1903442639
2307100-1,de_cache,1903442639
2307100-2,de_mirage,1953099299
2307101-1,de_cache,1903442639
2307101-2,de_cache,1903442639
2307101-3,de_cache,1903442639
2307102-0,de_dust2,1954603074
2307102-1,de_train,487988445
2307102-2,de_nuke,149708965
2307104-0,de_overpass,-2147483648
2307104-1,de_cbble,787242208
2307104-2,de_mirage,1953099299
2307186-0,de_cache,1903442639
2307186-1,de_overpass,-2147483648
2307187-0,de_cache,1903442639
2307187-1,de_train,487988445
2307187-2,de_dust2,1954603074
2307228-0,de_mirage,1953099299
2307228-1,de_train,487988445
2312058-0,de_cbble,328297621
2312058-2,de_cbble,328297621
2312060-0,de_cache,745019601
2312060-1,de_cache,745019601
2312061-1,de_inferno,1730240413
2312063-0,de_inferno,1730240413
2312064-0,de_cache,745019601
2312065-0,de_cache,745019601
2312066-0,de_cbble,328297621
2312067-0,de_mirage,-2147483648
2312067-1,de_mirage,-2147483648
2312068-0,de_mirage,-2147483648
2312069-0,de_train,-2147483648
2312069-1,de_train,-2147483648
2312069-2,de_train,-2147483648
2312069-3,de_train,-2147483648
2312069-5,de_train,-2147483648
2312070-0,de_inferno,1730240413
2312071-0,de_nuke,1429090831
2312072-0,de_mirage,-2147483648
2312073-0,de_cache,745019601
2312074-0,de_train,-2147483648
2312075-0,de_cbble,328297621
2312076-0,de_cbble,328297621
2312077-0,de_train,-2147483648
2312078-0,de_cache,745019601
2312079-0,de_cbble,328297621
2312080-0,de_overpass,1151705951
2312081-0,de_cache,745019601
2312082-0,de_cbble,328297621
2312083-0,de_mirage,-2147483648
2312084-0,de_inferno,1730240413
2312085-0,de_train,-2147483648
2312086-0,de_mirage,-2147483648
2312087-0,de_inferno,1730240413
2312088-0,de_train,-2147483648
2312089-0,de_mirage,-2147483648
2312090-0,de_inferno,1730240413
2312091-0,de_inferno,1730240413
2312159-0,de_overpass,1151705951
2312159-1,de_nuke,1429090831
2312160-0,de_train,-2147483648
2312160-1,de_cache,745019601
2312160-2,de_cbble,328297621
2312161-0,de_overpass,1151705951
2312161-1,de_train,-2147483648
2312162-0,de_mirage,-2147483648
2312162-1,de_cache,745019601
2312162-2,de_cbble,328297621
2312163-0,de_mirage,-2147483648
2312163-1,de_overpass,1151705951
2312164-0,de_overpass,1151705951
2312164-1,de_cache,745019601
2312165-0,de_cbble,328297621
2312165-1,de_train,-2147483648
2312165-2,de_inferno,1730240413
2308138-0,de_train,-2147483648
2308139-0,de_cache,1060854352
2308140-0,de_overpass,1151705951
2308141-0,de_overpass,1151705951
2308142-0,de_inferno,1966908865
2308143-0,de_train,-2147483648
2308144-0,de_cache,1060854352
2308145-0,de_train,-2147483648
2308146-0,de_cache,1060854352
2308147-0,de_inferno,1966908865
2308148-0,de_cbble,988540422
2308149-0,de_train,-2147483648
2308150-0,de_mirage,-2147483648
2308151-0,de_train,-2147483648
2308152-0,de_inferno,1966908865
2308153-0,de_train,-2147483648
2308154-0,de_nuke,679560331
2308155-0,de_overpass,1151705951
2308156-0,de_nuke,679560331
2308156-1,de_nuke,679560331
2308157-0,de_cbble,988540422
2308158-0,de_cbble,988540422
2308159-0,de_mirage,-2147483648
2308160-0,de_mirage,-2147483648
2308161-0,de_cbble,988540422
2308162-0,de_inferno,1966908865
2308163-0,de_cbble,988540422
2308164-0,de_overpass,1151705951
2308165-0,de_nuke,679560331
2308166-0,de_cbble,988540422
2308167-0,de_mirage,-2147483648
2308168-0,de_cache,1060854352
2308168-1,de_overpass,1151705951
2308168-2,de_cbble,988540422
2308169-0,de_mirage,-2147483648
2308169-1,de_nuke,679560331
2308170-0,de_inferno,1966908865
2308170-1,de_mirage,-2147483648
2308171-0,de_train,-2147483648
2308171-1,de_nuke,679560331
2308172-0,de_cache,1060854352
2308172-1,de_overpass,1151705951
2308172-2,de_nuke,679560331
2308172-3,de_inferno,1966908865
2308382-0,de_train,-2147483648
2308383-0,de_train,-2147483648
2308384-0,de_train,-2147483648
2309853-0,de_cache,1560576749
2309854-0,de_cache,1560576749
2309854-1,de_cbble,-2147483648
2309855-0,de_cbble,-2147483648
2309855-1,de_mirage,-2147483648
2309856-0,de_nuke,1429090831
2309856-1,de_inferno,1966908865
2309856-2,de_cbble,754870349
2309857-0,de_mirage,-2147483648
2309857-1,de_train,-2147483648
2309857-2,de_nuke,1429090831
2309857-3,de_nuke,1429090831
2309858-0,de_train,-2147483648
2309858-1,de_cache,1560576749
2309859-0,de_nuke,1429090831
2309859-1,de_train,-2147483648
2309859-2,de_mirage,-2147483648
2309860-0,de_inferno,1966908865
2309860-1,de_cache,1560576749
2309861-0,de_cache,1560576749
2309861-1,de_cbble,754870349
2309861-2,de_mirage,-2147483648
2309862-0,de_cbble,754870349
2309862-1,de_cache,1560576749
2309863-0,de_inferno,1966908865
2309863-1,de_train,-2147483648
2309863-2,de_mirage,-2147483648
2309864-0,de_train,-2147483648
2309864-1,de_nuke,1429090831
2309865-0,de_inferno,1966908865
2309865-1,de_inferno,1966908865
2309865-2,de_inferno,1966908865
2309865-3,de_mirage,-2147483648
2309865-4,de_cbble,754870349
2309866-0,de_inferno,1966908865
2309866-1,de_cache,1560576749
2309866-2,de_train,-2147483648
2307642-0,de_overpass,-2147483648
2307643-0,de_cache,-2147483648
2307646-0,de_overpass,-2147483648
2307647-0,de_mirage,-2147483648
2307648-0,de_dust2,1954603074
2307650-0,de_cache,-2147483648
2307651-0,de_cbble,787242208
2307653-0,de_dust2,1954603074
2307655-0,de_nuke,198936178
2307655-1,de_cbble,787242208
2307656-0,de_cache,-2147483648
2307660-0,de_cbble,787242208
2307660-1,de_mirage,-2147483648
2307660-2,de_train,487988445
2307662-0,de_cbble,1607849851
2307662-1,de_train,-2147483648
2307662-2,de_cache,-2147483648
2307663-0,de_cbble,1607849851
2307663-1,de_overpass,-2147483648
2307663-2,de_nuke,198936178
2307664-0,de_cache,-2147483648
2307664-1,de_train,-2147483648
2307664-2,de_nuke,198936178
2307665-0,de_cache,-2147483648
2307665-1,de_dust2,1923960555
2307665-2,de_mirage,-2147483648
2307666-0,de_nuke,198936178
2307666-1,de_cache,-2147483648
2307666-2,de_dust2,1923960555
2307667-0,de_train,-2147483648
2307667-2,de_cbble,1607849851
2307668-0,de_dust2,1923960555
2307668-1,de_overpass,-2147483648
2309259-0,de_cbble,-2147483648
2309260-0,de_mirage,-2147483648
2309261-0,de_mirage,-2147483648
2309262-0,de_train,-2147483648
2309263-0,de_cache,1560576749
2309264-0,de_inferno,1966908865
2309265-0,de_inferno,1966908865
2309266-0,de_inferno,1966908865
2309395-0,de_cbble,-2147483648
2309396-0,de_cbble,-2147483648
2309397-0,de_mirage,-2147483648
2309398-0,de_inferno,1966908865
2309399-0,de_cbble,-2147483648
2309400-0,de_overpass,1151705951
2309401-0,de_cbble,-2147483648
2309402-0,de_mirage,-2147483648
2309410-0,de_mirage,-2147483648
2309411-0,de_cbble,-2147483648
2309412-0,de_cache,1560576749
2309413-0,de_mirage,-2147483648
2309414-0,de_inferno,1966908865
2309415-0,de_nuke,1429090831
2309416-0,de_overpass,1151705951
2309417-0,de_mirage,-2147483648
2309418-0,de_inferno,1966908865
2309419-0,de_cbble,-2147483648
2309420-0,de_inferno,1966908865
2309421-0,de_cache,1560576749
2309422-0,de_overpass,1151705951
2309423-0,de_train,-2147483648
2309424-0,de_train,-2147483648
2309425-0,de_cache,1560576749
2309426-0,de_train,-2147483648
2309427-0,de_inferno,1966908865
2309427-1,de_nuke,1429090831
2309427-2,de_train,-2147483648
2309428-0,de_cbble,-2147483648
2309428-1,de_cache,1560576749
2309428-2,de_overpass,1151705951
2309429-0,de_overpass,1151705951
2309429-1,de_inferno,1966908865
2309429-2,de_mirage,-2147483648
2309430-0,de_cache,1560576749
2309430-1,de_inferno,1966908865
2309431-0,de_mirage,-2147483648
2309431-1,de_train,-2147483648
2309432-0,de_overpass,1151705951
2309432-1,de_nuke,1429090831
2309433-0,de_mirage,-2147483648
2309433-1,de_nuke,1429090831
2309433-2,de_inferno,1966908865
2310238-0,de_inferno,1966908865
2310239-0,de_cbble,754870349
2310240-0,de_inferno,1966908865
2310241-0,de_mirage,-2147483648
2310241-1,de_mirage,-2147483648
2310242-0,de_train,-2147483648
2310243-0,de_train,-2147483648
2310244-0,de_cbble,754870349
2310245-0,de_cbble,754870349
2310246-0,de_train,-2147483648
2310246-1,de_cache,1560576749
2310246-2,de_inferno,1966908865
2310246-3,de_overpass,1151705951
2310247-0,de_train,-2147483648
2310247-1,de_overpass,1151705951
2310248-0,de_cbble,754870349
2310248-1,de_nuke,1429090831
2310248-2,de_train,-2147483648
2310249-0,de_cbble,754870349
2310250-0,de_train,-2147483648
2310251-0,de_cache,1560576749
2310252-0,de_inferno,1966908865
2310253-0,de_nuke,1429090831
2310254-0,de_train,-2147483648
2310255-0,de_nuke,1429090831
2310256-0,de_train,-2147483648
2311870-0,de_inferno,1730240413
2311871-0,de_train,-2147483648
2311872-0,de_inferno,1730240413
2311873-0,de_overpass,1151705951
2311874-0,de_inferno,1730240413
2311875-0,de_mirage,-2147483648
2311876-0,de_train,-2147483648
2311877-0,de_cbble,328297621
2311878-0,de_mirage,-2147483648
2311879-0,de_train,-2147483648
2311880-0,de_cache,745019601
2311881-0,de_cbble,328297621
2311882-0,de_cache,745019601
2311883-0,de_overpass,1151705951
2311884-0,de_cache,745019601
2311885-0,de_train,-2147483648
2311886-0,de_mirage,-2147483648
2311887-0,de_mirage,-2147483648
2311888-0,de_inferno,1730240413
2311889-0,de_cache,745019601
2311890-0,de_train,-2147483648
2311891-0,de_cbble,328297621
2311892-0,de_train,-2147483648
2311893-0,de_nuke,1429090831
2311894-0,de_train,-2147483648
2311895-0,de_overpass,1151705951
2311896-0,de_mirage,-2147483648
2311897-0,de_cbble,328297621
2311898-0,de_mirage,-2147483648
2311899-0,de_train,-2147483648
2311900-0,de_overpass,1151705951
2311901-0,de_inferno,1730240413
2311902-0,de_mirage,-2147483648
2311429-0,de_cache,1560576749
2311430-0,de_cache,1560576749
2311431-0,de_train,-2147483648
2311432-0,de_cache,1560576749
2311433-0,de_overpass,1151705951
2311434-0,de_train,-2147483648
2311434-1,de_inferno,1966908865
2311435-0,de_cbble,754870349
2311435-2,de_train,-2147483648
2311436-0,de_mirage,-2147483648
2311437-0,de_overpass,1151705951
2311437-1,de_train,-2147483648
2311438-0,de_overpass,1151705951
2311438-1,de_mirage,-2147483648
2311439-0,de_mirage,-2147483648
2311439-1,de_cache,1560576749
2311440-0,de_overpass,1151705951
2311440-1,de_train,-2147483648
2311441-0,de_train,-2147483648
2311441-1,de_cache,1560576749
2311442-0,de_train,-2147483648
2311442-1,de_cache,1560576749
2311443-0,de_inferno,1966908865
2311443-1,de_cache,1560576749
2311444-0,de_mirage,-2147483648
2311444-1,de_inferno,1966908865
2311444-2,de_cache,1560576749
2311553-0,de_cache,1560576749
2311554-0,de_train,-2147483648
2311555-0,de_cbble,754870349
2311556-0,de_nuke,1429090831
2311556-1,de_overpass,1151705951
2311556-2,de_cbble,754870349
2311557-0,de_cache,1560576749
2311557-1,de_inferno,1966908865
2311558-0,de_inferno,1966908865
2311559-0,de_train,-2147483648
2311560-0,de_inferno,1966908865
2311561-0,de_mirage,-2147483648
2311561-1,de_cbble,754870349
2311561-2,de_nuke,1429090831
2311562-0,de_cache,1560576749
2311562-1,de_nuke,1429090831
2311562-2,de_inferno,1966908865
2311563-1,de_cbble,754870349
2311563-2,de_inferno,1966908865
2311563-3,de_cache,1560576749
2311564-0,de_mirage,-2147483648
2311564-1,de_inferno,1966908865
2311565-0,de_mirage,-2147483648
2311565-1,de_inferno,1966908865
2311565-2,de_overpass,1151705951
2311566-0,de_cbble,754870349
2311566-1,de_overpass,1151705951
2311567-0,de_cache,1560576749
2311567-1,de_overpass,1151705951
2311568-0,de_train,-2147483648
2311568-1,de_overpass,1151705951
2311178-0,de_train,-2147483648
2311179-0,de_cbble,754870349
2311180-0,de_cache,1560576749
2311181-0,de_overpass,1151705951
2311182-0,de_cbble,754870349
2311183-0,de_cbble,754870349
2311183-1,de_mirage,-2147483648
2311184-0,de_mirage,-2147483648
2311184-1,de_nuke,1429090831
2311184-2,de_overpass,1151705951
2311184-3,de_overpass,1151705951
2311184-4,de_overpass,1151705951
2311185-0,de_inferno,1966908865
2311186-0,de_train,-2147483648
2311186-1,de_inferno,1966908865
2311187-0,de_inferno,1966908865
2311187-1,de_overpass,1151705951
2311188-0,de_mirage,-2147483648
2311188-1,de_cache,1560576749
2311188-2,de_overpass,1151705951
2311189-0,de_inferno,1966908865
2311189-1,de_overpass,1151705951
2311190-0,de_train,-2147483648
2311190-1,de_nuke,1429090831
2311190-2,de_mirage,-2147483648
2311191-0,de_mirage,-2147483648
2311191-1,de_train,-2147483648
2311192-0,de_mirage,-2147483648
2311192-1,de_overpass,1151705951
2311193-0,de_mirage,-2147483648
2311193-1,de_cache,1560576749
2311193-2,de_cbble,754870349
2310675-0,de_mirage,-2147483648
2310676-0,de_mirage,-2147483648
2310677-0,de_cbble,754870349
2310678-0,de_inferno,1966908865
2310679-0,de_train,-2147483648
2310680-0,de_mirage,-2147483648
2310683-0,de_overpass,1151705951
2310684-0,de_cache,1560576749
2310685-0,de_cache,1560576749
2310686-0,de_train,-2147483648
2310687-0,de_overpass,1151705951
2310687-1,de_inferno,1966908865
2310688-0,de_cache,1560576749
2310688-1,de_overpass,1151705951
2310688-2,de_train,-2147483648
2310689-0,de_cache,1560576749
2310689-1,de_inferno,1966908865
2309736-0,de_train,-2147483648
2309737-0,de_cbble,-2147483648
2309738-0,de_train,-2147483648
2309740-0,de_cbble,-2147483648
2309741-0,de_inferno,1966908865
2309742-0,de_train,-2147483648
2309743-0,de_train,-2147483648
2309758-0,de_cache,1560576749
2309759-0,de_cbble,-2147483648
2309760-0,de_train,-2147483648
2309761-0,de_cache,1560576749
2309762-0,de_cbble,-2147483648
2309763-0,de_train,-2147483648
2309764-0,de_nuke,1429090831
2309770-1,de_mirage,-2147483648
2309776-0,de_nuke,1429090831
2309776-1,de_train,-2147483648
2309777-0,de_inferno,1966908865
2309777-1,de_train,-2147483648
2309778-0,de_nuke,1429090831
2309778-1,de_train,-2147483648
2309785-0,de_overpass,1151705951
2309785-1,de_mirage,-2147483648
2309785-2,de_inferno,1966908865
2309785-3,de_inferno,1966908865
2309786-0,de_overpass,1151705951
2309786-2,de_nuke,1429090831
2309787-0,de_overpass,1151705951
2309788-1,de_train,-2147483648
2309794-1,de_cbble,-2147483648
2309794-2,de_mirage,-2147483648
2309795-0,de_nuke,1429090831
2309795-1,de_mirage,-2147483648
2309796-0,de_overpass,1151705951
2311676-0,de_overpass,1151705951
2311677-0,de_cache,745019601
2311681-0,de_train,-2147483648
2311682-0,de_train,-2147483648
2311683-0,de_inferno,1730240413
2311685-0,de_mirage,-2147483648
2311687-0,de_overpass,1151705951
2311687-1,de_inferno,1730240413
2311688-0,de_mirage,-2147483648
2311688-1,de_train,-2147483648
2311688-2,de_inferno,1730240413
2311689-0,de_overpass,1151705951
2311689-1,de_train,-2147483648
2311690-0,de_train,-2147483648
2311690-1,de_overpass,1151705951
2311690-2,de_inferno,1730240413
2311691-0,de_overpass,1151705951
2311691-1,de_mirage,-2147483648
2311692-0,de_overpass,1151705951
2311692-1,de_mirage,-2147483648
2311692-2,de_inferno,1730240413
2311693-0,de_mirage,-2147483648
2311693-1,de_inferno,1730240413
2311693-2,de_train,-2147483648
2311135-0,de_train,-2147483648
2311135-1,de_mirage,-2147483648
2311137-0,de_overpass,1151705951
2311138-0,de_cbble,754870349
2311139-0,de_cache,1560576749
2311139-1,de_mirage,-2147483648
2311140-1,de_cbble,754870349
2311141-0,de_cbble,754870349
2310441-0,de_mirage,-2147483648
2310442-0,de_cache,1560576749
2310446-0,de_train,-2147483648
2310448-0,de_train,-2147483648
2310448-1,de_inferno,1966908865
2310449-0,de_cbble,754870349
2310476-0,de_cache,1560576749
2310476-1,de_cache,1560576749
2311083-0,de_nuke,1429090831
2311083-1,de_overpass,1151705951
2311083-2,de_mirage,-2147483648
2311678-0,de_nuke,1429090831
2311678-1,de_inferno,1730240413
2311680-1,de_train,-2147483648
2311680-2,de_train,-2147483648
