2015-10-01,1,fnatic
2015-10-01,2,TSM
2015-10-01,3,EnVyUs
2015-10-01,4,Virtus.pro
2015-10-01,5,Natus Vincere
2015-10-01,6,NiP
2015-10-01,7,Cloud9
2015-10-01,8,G2
2015-10-01,9,dignitas
2015-10-01,10,mousesports
2015-10-01,11,CLG
2015-10-01,12,Luminosity
2015-10-01,13,FlipSid3
2015-10-01,14,Liquid
2015-10-01,15,Titan
2015-10-01,16,E-frag.net
2015-10-01,17,HellRaisers
2015-10-01,18,Renegades
2015-10-01,19,Vexed
2015-10-01,20,CSGL
2015-10-05,1,fnatic
2015-10-05,2,TSM
2015-10-05,3,Virtus.pro
2015-10-05,4,EnVyUs
2015-10-05,5,Natus Vincere
2015-10-05,6,NiP
2015-10-05,7,Cloud9
2015-10-05,8,G2
2015-10-05,9,dignitas
2015-10-05,10,CLG
2015-10-05,11,Luminosity
2015-10-05,12,mousesports
2015-10-05,13,FlipSid3
2015-10-05,14,Liquid
2015-10-05,15,Titan
2015-10-05,16,HellRaisers
2015-10-05,17,E-frag.net
2015-10-05,18,Renegades
2015-10-05,19,Vexed
2015-10-05,20,CSGL
2015-10-05,21,Immunity
2015-10-12,1,fnatic
2015-10-12,2,TSM
2015-10-12,3,Virtus.pro
2015-10-12,4,EnVyUs
2015-10-12,5,Natus Vincere
2015-10-12,6,NiP
2015-10-12,7,Cloud9
2015-10-12,8,dignitas
2015-10-12,9,G2
2015-10-12,10,CLG
2015-10-12,11,mousesports
2015-10-12,12,Luminosity
2015-10-12,13,Liquid
2015-10-12,14,Titan
2015-10-12,15,FlipSid3
2015-10-12,16,E-frag.net
2015-10-12,17,Renegades
2015-10-12,18,Vexed
2015-10-12,19,Immunity
2015-10-12,20,HellRaisers
2015-10-19,1,TSM
2015-10-19,2,fnatic
2015-10-19,3,Virtus.pro
2015-10-19,4,EnVyUs
2015-10-19,5,NiP
2015-10-19,6,Natus Vincere
2015-10-19,7,Cloud9
2015-10-19,8,dignitas
2015-10-19,9,G2
2015-10-19,10,CLG
2015-10-19,11,mousesports
2015-10-19,12,Liquid
2015-10-19,13,Titan
2015-10-19,14,FlipSid3
2015-10-19,15,Luminosity
2015-10-19,16,E-frag.net
2015-10-19,17,Renegades
2015-10-19,18,Vexed
2015-10-19,19,HellRaisers
2015-10-19,20,Immunity
2015-10-26,1,TSM
2015-10-26,2,fnatic
2015-10-26,3,Virtus.pro
2015-10-26,4,EnVyUs
2015-10-26,5,NiP
2015-10-26,6,Natus Vincere
2015-10-26,7,Cloud9
2015-10-26,8,dignitas
2015-10-26,9,G2
2015-10-26,10,CLG
2015-10-26,11,Liquid
2015-10-26,12,Titan
2015-10-26,13,mousesports
2015-10-26,14,FlipSid3
2015-10-26,15,Luminosity
2015-10-26,16,E-frag.net
2015-10-26,17,Renegades
2015-10-26,18,Vexed
2015-10-26,19,Immunity
2015-10-26,20,CSGL
2015-11-03,1,EnVyUs
2015-11-03,2,TSM
2015-11-03,3,fnatic
2015-11-03,4,Virtus.pro
2015-11-03,5,Natus Vincere
2015-11-03,6,NiP
2015-11-03,7,G2
2015-11-03,8,Cloud9
2015-11-03,9,Luminosity
2015-11-03,10,CLG
2015-11-03,11,Titan
2015-11-03,12,dignitas
2015-11-03,13,mousesports
2015-11-03,14,Liquid
2015-11-03,15,FlipSid3
2015-11-03,16,E-frag.net
2015-11-03,17,Renegades
2015-11-03,18,Vexed
2015-11-03,19,CSGL
2015-11-03,20,Immunity
2015-11-09,1,EnVyUs
2015-11-09,2,Virtus.pro
2015-11-09,3,TSM
2015-11-09,4,fnatic
2015-11-09,5,Natus Vincere
2015-11-09,6,NiP
2015-11-09,7,G2
2015-11-09,8,mousesports
2015-11-09,9,Luminosity
2015-11-09,10,Titan
2015-11-09,11,Cloud9
2015-11-09,12,dignitas
2015-11-09,13,CLG
2015-11-09,14,Liquid
2015-11-09,15,FlipSid3
2015-11-09,16,E-frag.net
2015-11-09,17,Conquest
2015-11-09,18,Renegades
2015-11-09,19,Vexed
2015-11-09,20,CSGL
2015-11-09,21,Winterfox
2015-11-09,22,compLexity
2015-11-16,1,EnVyUs
2015-11-16,2,Virtus.pro
2015-11-16,3,TSM
2015-11-16,4,fnatic
2015-11-16,5,Natus Vincere
2015-11-16,6,NiP
2015-11-16,7,Cloud9
2015-11-16,8,mousesports
2015-11-16,9,Luminosity
2015-11-16,10,G2
2015-11-16,11,Liquid
2015-11-16,12,Titan
2015-11-16,13,CLG
2015-11-16,14,FlipSid3
2015-11-16,15,Conquest
2015-11-16,16,E-frag.net
2015-11-16,17,Renegades
2015-11-16,18,dignitas
2015-11-16,19,Vexed
2015-11-16,20,HellRaisers
2015-11-16,21,CSGL
2015-11-16,22,Winterfox
2015-11-16,23,compLexity
2015-11-16,24,Enemy
2015-11-16,25,Method
2015-11-16,26,Games Academy
2015-11-16,27,SKDC
2015-11-16,28,Torqued
2015-11-16,29,Nexus
2015-11-16,30,CLG Red
2015-11-24,1,EnVyUs
2015-11-24,2,TSM
2015-11-24,3,Virtus.pro
2015-11-24,4,Natus Vincere
2015-11-24,5,fnatic
2015-11-24,6,NiP
2015-11-24,7,Cloud9
2015-11-24,8,G2
2015-11-24,9,Liquid
2015-11-24,10,mousesports
2015-11-24,11,Titan
2015-11-24,12,CLG
2015-11-24,13,FlipSid3
2015-11-24,14,Luminosity
2015-11-24,15,Renegades
2015-11-24,16,Conquest
2015-11-24,17,dignitas
2015-11-24,18,E-frag.net
2015-11-24,19,Vexed
2015-11-24,20,HellRaisers
2015-12-01,1,EnVyUs
2015-12-01,2,TSM
2015-12-01,3,fnatic
2015-12-01,4,Virtus.pro
2015-12-01,5,Natus Vincere
2015-12-01,6,NiP
2015-12-01,7,Luminosity
2015-12-01,8,G2
2015-12-01,9,Liquid
2015-12-01,10,Cloud9
2015-12-01,11,mousesports
2015-12-01,12,Titan
2015-12-01,13,CLG
2015-12-01,14,FlipSid3
2015-12-01,15,Renegades
2015-12-01,16,Conquest
2015-12-01,17,dignitas
2015-12-01,18,E-frag.net
2015-12-01,19,Vexed
2015-12-01,20,HellRaisers
2015-12-08,1,fnatic
2015-12-08,2,EnVyUs
2015-12-08,3,?
2015-12-08,4,Virtus.pro
2015-12-08,5,Natus Vincere
2015-12-08,6,NiP
2015-12-08,7,Luminosity
2015-12-08,8,G2
2015-12-08,9,Liquid
2015-12-08,10,Cloud9
2015-12-08,11,mousesports
2015-12-08,12,Titan
2015-12-08,13,CLG
2015-12-08,14,FlipSid3
2015-12-08,15,Renegades
2015-12-08,16,Conquest
2015-12-08,17,dignitas
2015-12-08,18,SK
2015-12-08,19,E-frag.net
2015-12-08,20,Vexed
2015-12-14,1,fnatic
2015-12-14,2,EnVyUs
2015-12-14,3,Natus Vincere
2015-12-14,4,?
2015-12-14,5,Virtus.pro
2015-12-14,6,NiP
2015-12-14,7,Luminosity
2015-12-14,8,G2
2015-12-14,9,Liquid
2015-12-14,10,Cloud9
2015-12-14,11,mousesports
2015-12-14,12,Titan
2015-12-14,13,CLG
2015-12-14,14,FlipSid3
2015-12-14,15,Renegades
2015-12-14,16,Conquest
2015-12-14,17,dignitas
2015-12-14,18,SK
2015-12-14,19,E-frag.net
2015-12-14,20,HellRaisers
2015-12-21,1,fnatic
2015-12-21,2,EnVyUs
2015-12-21,3,Natus Vincere
2015-12-21,4,?
2015-12-21,5,Virtus.pro
2015-12-21,6,NiP
2015-12-21,7,Luminosity
2015-12-21,8,G2
2015-12-21,9,Liquid
2015-12-21,10,Cloud9
2015-12-21,11,mousesports
2015-12-21,12,Titan
2015-12-21,13,CLG
2015-12-21,14,Renegades
2015-12-21,15,dignitas
2015-12-21,16,FlipSid3
2015-12-21,17,Conquest
2015-12-21,18,SK
2015-12-21,19,E-frag.net
2015-12-21,20,CSGL
2015-12-28,1,fnatic
2015-12-28,2,EnVyUs
2015-12-28,3,Natus Vincere
2015-12-28,4,?
2015-12-28,5,Virtus.pro
2015-12-28,6,NiP
2015-12-28,7,Luminosity
2015-12-28,8,G2
2015-12-28,9,Liquid
2015-12-28,10,Cloud9
2015-12-28,11,Titan
2015-12-28,12,mousesports
2015-12-28,13,dignitas
2015-12-28,14,CLG
2015-12-28,15,Renegades
2015-12-28,16,Conquest
2015-12-28,17,FlipSid3
2015-12-28,18,SK
2015-12-28,19,E-frag.net
2015-12-28,20,CSGL
2016-01-05,1,fnatic
2016-01-05,2,EnVyUs
2016-01-05,3,Natus Vincere
2016-01-05,4,?
2016-01-05,5,Virtus.pro
2016-01-05,6,NiP
2016-01-05,7,Luminosity
2016-01-05,8,G2
2016-01-05,9,Cloud9
2016-01-05,10,Liquid
2016-01-05,11,mousesports
2016-01-05,12,Titan
2016-01-05,13,dignitas
2016-01-05,14,CLG
2016-01-05,15,Renegades
2016-01-05,16,OpTic
2016-01-05,17,FlipSid3
2016-01-05,18,SK
2016-01-05,19,E-frag.net
2016-01-05,20,CSGL
2016-01-11,1,fnatic
2016-01-11,2,EnVyUs
2016-01-11,3,Natus Vincere
2016-01-11,4,?
2016-01-11,5,Virtus.pro
2016-01-11,6,NiP
2016-01-11,7,Luminosity
2016-01-11,8,G2
2016-01-11,9,Cloud9
2016-01-11,10,Liquid
2016-01-11,11,Titan
2016-01-11,12,mousesports
2016-01-11,13,dignitas
2016-01-11,14,OpTic
2016-01-11,15,CLG
2016-01-11,16,FlipSid3
2016-01-11,17,Renegades
2016-01-11,18,SK
2016-01-11,19,E-frag.net
2016-01-11,20,CSGL
2016-01-11,21,Enemy
2016-01-11,22,Winterfox
2016-01-11,23,Splyce
2016-01-11,24,CyberZen
2016-01-11,25,Leader-1
2016-01-11,26,Obey.Alliance
2016-01-11,27,EZG
2016-01-18,1,fnatic
2016-01-18,2,Natus Vincere
2016-01-18,3,EnVyUs
2016-01-18,4,?
2016-01-18,5,Virtus.pro
2016-01-18,6,Luminosity
2016-01-18,7,NiP
2016-01-18,8,FaZe
2016-01-18,9,Cloud9
2016-01-18,10,Liquid
2016-01-18,11,ex-Titan
2016-01-18,12,mousesports
2016-01-18,13,OpTic
2016-01-18,14,dignitas
2016-01-18,15,CLG
2016-01-18,16,FlipSid3
2016-01-18,17,Renegades
2016-01-18,18,E-frag.net
2016-01-18,19,SK
2016-01-18,20,Vexed
2016-01-18,21,Gambit
2016-01-18,22,Method
2016-01-18,23,Arcade
2016-01-18,24,Rebels
2016-01-18,25,eXplosive
2016-01-18,26,Quest
2016-01-18,27,Fluffy Gangsters
2016-01-18,28,Binary Dragons
2016-01-25,1,fnatic
2016-01-25,2,Natus Vincere
2016-01-25,3,EnVyUs
2016-01-25,4,Astralis
2016-01-25,5,Luminosity
2016-01-25,6,Virtus.pro
2016-01-25,7,NiP
2016-01-25,8,FaZe
2016-01-25,9,dignitas
2016-01-25,10,mousesports
2016-01-25,11,ex-Titan
2016-01-25,12,Cloud9
2016-01-25,13,Liquid
2016-01-25,14,FlipSid3
2016-01-25,15,OpTic
2016-01-25,16,CLG
2016-01-25,17,SK
2016-01-25,18,E-frag.net
2016-01-25,19,Renegades
2016-01-25,20,Vexed
2016-01-25,21,HellRaisers
2016-01-25,22,LDLC White
2016-01-25,23,PENTA
2016-01-25,24,TheMongolz
2016-01-25,25,CyberZen
2016-01-25,26,PixelFire
2016-01-25,27,Chiefs
2016-01-25,28,DenDD
2016-01-25,29,Lemondogs
2016-01-25,30,MVP.karnal
2016-02-01,1,fnatic
2016-02-01,2,Natus Vincere
2016-02-01,3,EnVyUs
2016-02-01,4,Astralis
2016-02-01,5,Luminosity
2016-02-01,6,Virtus.pro
2016-02-01,7,NiP
2016-02-01,8,FaZe
2016-02-01,9,dignitas
2016-02-01,10,mousesports
2016-02-01,11,G2
2016-02-01,12,Cloud9
2016-02-01,13,Liquid
2016-02-01,14,FlipSid3
2016-02-01,15,OpTic
2016-02-01,16,CLG
2016-02-01,17,SK
2016-02-01,18,E-frag.net
2016-02-01,19,Renegades
2016-02-01,20,Vexed
2016-02-01,21,ENCE
2016-02-01,22,LDLC White
2016-02-01,23,Orgless
2016-02-01,24,CPH Wolves
2016-02-01,25,RCTIC
2016-02-01,26,Method
2016-02-01,27,LDLC Blue
2016-02-01,28,Epiphany Bolt
2016-02-01,29,Millenium
2016-02-09,1,fnatic
2016-02-09,2,Natus Vincere
2016-02-09,3,EnVyUs
2016-02-09,4,Astralis
2016-02-09,5,Luminosity
2016-02-09,6,Virtus.pro
2016-02-09,7,dignitas
2016-02-09,8,NiP
2016-02-09,9,G2
2016-02-09,10,FaZe
2016-02-09,11,mousesports
2016-02-09,12,Cloud9
2016-02-09,13,CLG
2016-02-09,14,Liquid
2016-02-09,15,SK
2016-02-09,16,FlipSid3
2016-02-09,17,OpTic
2016-02-09,18,E-frag.net
2016-02-09,19,Vexed
2016-02-09,20,Renegades
2016-02-15,1,fnatic
2016-02-15,2,Natus Vincere
2016-02-15,3,EnVyUs
2016-02-15,4,Astralis
2016-02-15,5,Luminosity
2016-02-15,6,Virtus.pro
2016-02-15,7,dignitas
2016-02-15,8,mousesports
2016-02-15,9,FaZe
2016-02-15,10,NiP
2016-02-15,11,G2
2016-02-15,12,Cloud9
2016-02-15,13,CLG
2016-02-15,14,FlipSid3
2016-02-15,15,SK
2016-02-15,16,Liquid
2016-02-15,17,E-frag.net
2016-02-15,18,OpTic
2016-02-15,19,HellRaisers
2016-02-15,20,Tempo Storm
2016-02-15,21,Vexed
2016-02-15,22,gBots
2016-02-15,23,x6tence
2016-02-22,1,fnatic
2016-02-22,2,Natus Vincere
2016-02-22,3,EnVyUs
2016-02-22,4,Astralis
2016-02-22,5,Luminosity
2016-02-22,6,Virtus.pro
2016-02-22,7,dignitas
2016-02-22,8,FaZe
2016-02-22,9,G2
2016-02-22,10,mousesports
2016-02-22,11,NiP
2016-02-22,12,Cloud9
2016-02-22,13,CLG
2016-02-22,14,FlipSid3
2016-02-22,15,Liquid
2016-02-22,16,SK
2016-02-22,17,E-frag.net
2016-02-22,18,Renegades
2016-02-22,19,OpTic
2016-02-22,20,HellRaisers
2016-02-22,21,Vexed
2016-02-22,22,Gambit
2016-02-22,23,ALTERNATE aTTaX
2016-02-22,24,TheMongolz
2016-02-22,25,gBots
2016-02-22,26,CyberZen
2016-02-22,27,ENCE
2016-02-22,28,Tempo Storm
2016-02-22,29,CSGL
2016-02-22,30,Selfless
2016-03-01,1,fnatic
2016-03-01,2,EnVyUs
2016-03-01,3,Natus Vincere
2016-03-01,4,Astralis
2016-03-01,5,Luminosity
2016-03-01,6,dignitas
2016-03-01,7,Virtus.pro
2016-03-01,8,G2
2016-03-01,9,mousesports
2016-03-01,10,FaZe
2016-03-01,11,NiP
2016-03-01,12,Cloud9
2016-03-01,13,CLG
2016-03-01,14,FlipSid3
2016-03-01,15,Liquid
2016-03-01,16,Gambit
2016-03-01,17,SK
2016-03-01,18,E-frag.net
2016-03-01,19,HellRaisers
2016-03-01,20,Renegades
2016-03-01,21,Vexed
2016-03-01,22,OpTic
2016-03-01,23,Splyce
2016-03-01,24,Tempo Storm
2016-03-01,25,ALTERNATE aTTaX
2016-03-01,26,Ancient
2016-03-01,27,TheMongolz
2016-03-01,28,ENCE
2016-03-01,29,CSGL
2016-03-01,30,Selfless
2016-03-07,1,fnatic
2016-03-07,2,Natus Vincere
2016-03-07,3,Astralis
2016-03-07,4,Luminosity
2016-03-07,5,EnVyUs
2016-03-07,6,Virtus.pro
2016-03-07,7,dignitas
2016-03-07,8,mousesports
2016-03-07,9,G2
2016-03-07,10,FaZe
2016-03-07,11,NiP
2016-03-07,12,Tempo Storm
2016-03-07,13,Cloud9
2016-03-07,14,CLG
2016-03-07,15,Liquid
2016-03-07,16,FlipSid3
2016-03-07,17,E-frag.net
2016-03-07,18,Gambit
2016-03-07,19,HellRaisers
2016-03-07,20,Renegades
2016-03-07,21,Vexed
2016-03-07,22,SK
2016-03-07,23,Splyce
2016-03-07,24,OpTic
2016-03-07,25,TheMongolz
2016-03-07,26,ALTERNATE aTTaX
2016-03-07,27,Ancient
2016-03-07,28,Selfless
2016-03-07,29,CSGL
2016-03-07,30,ENCE
2016-03-14,1,fnatic
2016-03-14,2,Astralis
2016-03-14,3,Natus Vincere
2016-03-14,4,Luminosity
2016-03-14,5,EnVyUs
2016-03-14,6,dignitas
2016-03-14,7,Virtus.pro
2016-03-14,8,G2
2016-03-14,9,mousesports
2016-03-14,10,NiP
2016-03-14,11,FaZe
2016-03-14,12,Tempo Storm
2016-03-14,13,Cloud9
2016-03-14,14,CLG
2016-03-14,15,FlipSid3
2016-03-14,16,Liquid
2016-03-14,17,E-frag.net
2016-03-14,18,Gambit
2016-03-14,19,OpTic
2016-03-14,20,Renegades
2016-03-14,21,SK
2016-03-14,22,noKappa
2016-03-14,23,HellRaisers
2016-03-14,24,Splyce
2016-03-14,25,ALTERNATE aTTaX
2016-03-14,26,TheMongolz
2016-03-14,27,Ancient
2016-03-14,28,CSGL
2016-03-14,29,ENCE
2016-03-14,30,Orgless
2016-03-21,1,fnatic
2016-03-21,2,Natus Vincere
2016-03-21,3,Astralis
2016-03-21,4,Luminosity
2016-03-21,5,EnVyUs
2016-03-21,6,Virtus.pro
2016-03-21,7,dignitas
2016-03-21,8,G2
2016-03-21,9,mousesports
2016-03-21,10,NiP
2016-03-21,11,FaZe
2016-03-21,12,Tempo Storm
2016-03-21,13,Cloud9
2016-03-21,14,CLG
2016-03-21,15,FlipSid3
2016-03-21,16,Liquid
2016-03-21,17,E-frag.net
2016-03-21,18,SK
2016-03-21,19,Renegades
2016-03-21,20,OpTic
2016-03-21,21,Gambit
2016-03-21,22,AGG
2016-03-21,23,NRG
2016-03-21,24,Ancient
2016-03-21,25,HellRaisers
2016-03-21,26,Splyce
2016-03-21,27,CSGL
2016-03-21,28,ALTERNATE aTTaX
2016-03-21,29,Selfless
2016-03-21,30,ENCE
2016-03-28,1,fnatic
2016-03-28,2,Natus Vincere
2016-03-28,3,Astralis
2016-03-28,4,Luminosity
2016-03-28,5,EnVyUs
2016-03-28,6,Virtus.pro
2016-03-28,7,dignitas
2016-03-28,8,G2
2016-03-28,9,NiP
2016-03-28,10,mousesports
2016-03-28,11,FaZe
2016-03-28,12,Cloud9
2016-03-28,13,Tempo Storm
2016-03-28,14,CLG
2016-03-28,15,E-frag.net
2016-03-28,16,FlipSid3
2016-03-28,17,HellRaisers
2016-03-28,18,Liquid
2016-03-28,19,SK
2016-03-28,20,NRG
2016-03-28,21,OpTic
2016-03-28,22,Gambit
2016-03-28,23,AGG
2016-03-28,24,Renegades
2016-03-28,25,Ancient
2016-03-28,26,Selfless
2016-03-28,27,Splyce
2016-03-28,28,Space Soldiers
2016-03-28,29,CSGL
2016-03-28,30,Preparation
2016-04-05,1,fnatic
2016-04-05,2,Luminosity
2016-04-05,3,Natus Vincere
2016-04-05,4,Astralis
2016-04-05,5,Virtus.pro
2016-04-05,6,EnVyUs
2016-04-05,7,NiP
2016-04-05,8,G2
2016-04-05,9,Liquid
2016-04-05,10,mousesports
2016-04-05,11,dignitas
2016-04-05,12,CLG
2016-04-05,13,Cloud9
2016-04-05,14,Tempo Storm
2016-04-05,15,FaZe
2016-04-05,16,FlipSid3
2016-04-05,17,E-frag.net
2016-04-05,18,Gambit
2016-04-05,19,HellRaisers
2016-04-05,20,AGG
2016-04-05,21,SK
2016-04-05,22,Renegades
2016-04-05,23,OpTic
2016-04-05,24,NRG
2016-04-05,25,Selfless
2016-04-05,26,Space Soldiers
2016-04-05,27,CSGL
2016-04-05,28,Splyce
2016-04-05,29,Ancient
2016-04-05,30,Publiclir.se
2016-04-11,1,fnatic
2016-04-11,2,Luminosity
2016-04-11,3,Natus Vincere
2016-04-11,4,Astralis
2016-04-11,5,Virtus.pro
2016-04-11,6,EnVyUs
2016-04-11,7,NiP
2016-04-11,8,Liquid
2016-04-11,9,dignitas
2016-04-11,10,CLG
2016-04-11,11,mousesports
2016-04-11,12,G2
2016-04-11,13,Tempo Storm
2016-04-11,14,Cloud9
2016-04-11,15,FaZe
2016-04-11,16,HellRaisers
2016-04-11,17,Gambit
2016-04-11,18,E-frag.net
2016-04-11,19,FlipSid3
2016-04-11,20,NRG
2016-04-11,21,AGG
2016-04-11,22,Renegades
2016-04-11,23,OpTic
2016-04-11,24,Selfless
2016-04-11,25,SK
2016-04-11,26,Space Soldiers
2016-04-11,27,Splyce
2016-04-11,28,Preparation
2016-04-11,29,Publiclir.se
2016-04-11,30,Escape
2016-04-18,1,Natus Vincere
2016-04-18,2,Luminosity
2016-04-18,3,fnatic
2016-04-18,4,Astralis
2016-04-18,5,NiP
2016-04-18,6,EnVyUs
2016-04-18,7,Virtus.pro
2016-04-18,8,dignitas
2016-04-18,9,mousesports
2016-04-18,10,Liquid
2016-04-18,11,CLG
2016-04-18,12,GODSENT
2016-04-18,13,G2
2016-04-18,14,Tempo Storm
2016-04-18,15,TyLoo
2016-04-18,16,Cloud9
2016-04-18,17,HellRaisers
2016-04-18,18,FaZe
2016-04-18,19,Gambit
2016-04-18,20,E-frag.net
2016-04-18,21,FlipSid3
2016-04-18,22,Selfless
2016-04-18,23,NRG
2016-04-18,24,SK
2016-04-18,25,AGG
2016-04-18,26,Space Soldiers
2016-04-18,27,Renegades
2016-04-18,28,Splyce
2016-04-18,29,OpTic
2016-04-18,30,CSGL
2016-04-25,1,Natus Vincere
2016-04-25,2,Luminosity
2016-04-25,3,fnatic
2016-04-25,4,Astralis
2016-04-25,5,NiP
2016-04-25,6,Virtus.pro
2016-04-25,7,EnVyUs
2016-04-25,8,dignitas
2016-04-25,9,mousesports
2016-04-25,10,Liquid
2016-04-25,11,CLG
2016-04-25,12,GODSENT
2016-04-25,13,G2
2016-04-25,14,TyLoo
2016-04-25,15,Tempo Storm
2016-04-25,16,FaZe
2016-04-25,17,Cloud9
2016-04-25,18,E-frag.net
2016-04-25,19,HellRaisers
2016-04-25,20,Selfless
2016-04-25,21,FlipSid3
2016-04-25,22,NRG
2016-04-25,23,SK
2016-04-25,24,Gambit
2016-04-25,25,Space Soldiers
2016-04-25,26,AGG
2016-04-25,27,OpTic
2016-04-25,28,Splyce
2016-04-25,29,Renegades
2016-04-25,30,CSGL
2016-05-02,1,Natus Vincere
2016-05-02,2,Luminosity
2016-05-02,3,fnatic
2016-05-02,4,Astralis
2016-05-02,5,NiP
2016-05-02,6,Virtus.pro
2016-05-02,7,EnVyUs
2016-05-02,8,dignitas
2016-05-02,9,mousesports
2016-05-02,10,Tempo Storm
2016-05-02,11,Liquid
2016-05-02,12,GODSENT
2016-05-02,13,CLG
2016-05-02,14,HellRaisers
2016-05-02,15,G2
2016-05-02,16,TyLoo
2016-05-02,17,SK
2016-05-02,18,FaZe
2016-05-02,19,Cloud9
2016-05-02,20,OpTic
2016-05-02,21,MK
2016-05-02,22,Selfless
2016-05-02,23,FlipSid3
2016-05-02,24,NRG
2016-05-02,25,Space Soldiers
2016-05-02,26,Gambit
2016-05-02,27,AGG
2016-05-02,28,CSGL
2016-05-02,29,Renegades
2016-05-02,30,Splyce
2016-05-09,1,Luminosity
2016-05-09,2,Natus Vincere
2016-05-09,3,fnatic
2016-05-09,4,Astralis
2016-05-09,5,NiP
2016-05-09,6,Virtus.pro
2016-05-09,7,EnVyUs
2016-05-09,8,Tempo Storm
2016-05-09,9,Liquid
2016-05-09,10,dignitas
2016-05-09,11,mousesports
2016-05-09,12,CLG
2016-05-09,13,HellRaisers
2016-05-09,14,GODSENT
2016-05-09,15,Cloud9
2016-05-09,16,TyLoo
2016-05-09,17,FaZe
2016-05-09,18,SK
2016-05-09,19,G2
2016-05-09,20,Selfless
2016-05-09,21,MK
2016-05-09,22,NRG
2016-05-09,23,Renegades
2016-05-09,24,OpTic
2016-05-09,25,Space Soldiers
2016-05-09,26,FlipSid3
2016-05-09,27,AGG
2016-05-09,28,Gambit
2016-05-09,29,CSGL
2016-05-09,30,Splyce
2016-05-17,1,Luminosity
2016-05-17,2,Natus Vincere
2016-05-17,3,fnatic
2016-05-17,4,NiP
2016-05-17,5,Astralis
2016-05-17,6,Virtus.pro
2016-05-17,7,G2
2016-05-17,8,EnVyUs
2016-05-17,9,Liquid
2016-05-17,10,dignitas
2016-05-17,11,Tempo Storm
2016-05-17,12,HellRaisers
2016-05-17,13,mousesports
2016-05-17,14,GODSENT
2016-05-17,15,TyLoo
2016-05-17,16,Cloud9
2016-05-17,17,FaZe
2016-05-17,18,CLG
2016-05-17,19,SK
2016-05-17,20,OpTic
2016-05-17,21,Orbit
2016-05-17,22,Renegades
2016-05-17,23,Selfless
2016-05-17,24,ENCE
2016-05-17,25,AGG
2016-05-17,26,Space Soldiers
2016-05-17,27,Epsilon
2016-05-17,28,Gambit
2016-05-17,29,NRG
2016-05-17,30,Splyce
2016-05-23,1,Luminosity
2016-05-23,2,Natus Vincere
2016-05-23,3,fnatic
2016-05-23,4,NiP
2016-05-23,5,Astralis
2016-05-23,6,Virtus.pro
2016-05-23,7,G2
2016-05-23,8,Liquid
2016-05-23,9,EnVyUs
2016-05-23,10,Tempo Storm
2016-05-23,11,mousesports
2016-05-23,12,HellRaisers
2016-05-23,13,dignitas
2016-05-23,14,GODSENT
2016-05-23,15,OpTic
2016-05-23,16,TyLoo
2016-05-23,17,FaZe
2016-05-23,18,Cloud9
2016-05-23,19,CLG
2016-05-23,20,SK
2016-05-23,21,Dobry&Gaming
2016-05-23,22,Orbit
2016-05-23,23,ENCE
2016-05-23,24,TSM
2016-05-23,25,Renegades
2016-05-23,26,Fluffy Gangsters
2016-05-23,27,Splyce
2016-05-23,28,NRG
2016-05-23,29,Gambit
2016-05-23,30,Epsilon
2016-06-01,1,Luminosity
2016-06-01,2,Natus Vincere
2016-06-01,3,fnatic
2016-06-01,4,NiP
2016-06-01,5,G2
2016-06-01,6,Astralis
2016-06-01,7,Virtus.pro
2016-06-01,8,EnVyUs
2016-06-01,9,Immortals
2016-06-01,10,Liquid
2016-06-01,11,HellRaisers
2016-06-01,12,mousesports
2016-06-01,13,GODSENT
2016-06-01,14,dignitas
2016-06-01,15,OpTic
2016-06-01,16,Cloud9
2016-06-01,17,TyLoo
2016-06-01,18,FaZe
2016-06-01,19,SK
2016-06-01,20,CLG
2016-06-01,21,Dobry&Gaming
2016-06-01,22,Orbit
2016-06-01,23,TSM
2016-06-01,24,ENCE
2016-06-01,25,Renegades
2016-06-01,26,Epsilon
2016-06-01,27,FlipSid3
2016-06-01,28,Binary Dragons
2016-06-01,29,Splyce
2016-06-01,30,Gambit
2016-06-06,1,Luminosity
2016-06-06,2,Natus Vincere
2016-06-06,3,NiP
2016-06-06,4,fnatic
2016-06-06,5,G2
2016-06-06,6,Virtus.pro
2016-06-06,7,Astralis
2016-06-06,8,EnVyUs
2016-06-06,9,Immortals
2016-06-06,10,Liquid
2016-06-06,11,HellRaisers
2016-06-06,12,GODSENT
2016-06-06,13,mousesports
2016-06-06,14,dignitas
2016-06-06,15,OpTic
2016-06-06,16,Cloud9
2016-06-06,17,TyLoo
2016-06-06,18,FaZe
2016-06-06,19,SK
2016-06-06,20,CLG
2016-06-06,21,Dobry&Gaming
2016-06-06,22,ENCE
2016-06-06,23,TSM
2016-06-06,24,Orbit
2016-06-06,25,Renegades
2016-06-06,26,Epsilon
2016-06-06,27,FlipSid3
2016-06-06,28,Splyce
2016-06-06,29,Fluffy Gangsters
2016-06-06,30,Space Soldiers
2016-06-13,1,Luminosity
2016-06-13,2,Natus Vincere
2016-06-13,3,NiP
2016-06-13,4,fnatic
2016-06-13,5,G2
2016-06-13,6,Astralis
2016-06-13,7,Virtus.pro
2016-06-13,8,EnVyUs
2016-06-13,9,Immortals
2016-06-13,10,Liquid
2016-06-13,11,mousesports
2016-06-13,12,HellRaisers
2016-06-13,13,dignitas
2016-06-13,14,OpTic
2016-06-13,15,FaZe
2016-06-13,16,GODSENT
2016-06-13,17,Cloud9
2016-06-13,18,TyLoo
2016-06-13,19,CLG
2016-06-13,20,SK
2016-06-13,21,Gambit
2016-06-13,22,Kinguin
2016-06-13,23,ENCE
2016-06-13,24,Orbit
2016-06-13,25,FlipSid3
2016-06-13,26,TSM
2016-06-13,27,Renegades
2016-06-13,28,Splyce
2016-06-13,29,Epsilon
2016-06-13,30,Fluffy Gangsters
2016-06-21,1,Luminosity
2016-06-21,2,Natus Vincere
2016-06-21,3,NiP
2016-06-21,4,fnatic
2016-06-21,5,Astralis
2016-06-21,6,G2
2016-06-21,7,Immortals
2016-06-21,8,Virtus.pro
2016-06-21,9,EnVyUs
2016-06-21,10,GODSENT
2016-06-21,11,dignitas
2016-06-21,12,mousesports
2016-06-21,13,FaZe
2016-06-21,14,Liquid
2016-06-21,15,OpTic
2016-06-21,16,HellRaisers
2016-06-21,17,Cloud9
2016-06-21,18,TyLoo
2016-06-21,19,SK
2016-06-21,20,Gambit
2016-06-21,21,Orbit
2016-06-21,22,CLG
2016-06-21,23,Kinguin
2016-06-21,24,FlipSid3
2016-06-21,25,Renegades
2016-06-21,26,TSM
2016-06-21,27,Epsilon
2016-06-21,28,ENCE
2016-06-21,29,Fluffy Gangsters
2016-06-21,30,Space Soldiers
2016-06-27,1,Luminosity
2016-06-27,2,G2
2016-06-27,3,Natus Vincere
2016-06-27,4,fnatic
2016-06-27,5,NiP
2016-06-27,6,Astralis
2016-06-27,7,Virtus.pro
2016-06-27,8,Immortals
2016-06-27,9,EnVyUs
2016-06-27,10,Liquid
2016-06-27,11,TSM
2016-06-27,12,GODSENT
2016-06-27,13,mousesports
2016-06-27,14,Cloud9
2016-06-27,15,dignitas
2016-06-27,16,FaZe
2016-06-27,17,OpTic
2016-06-27,18,HellRaisers
2016-06-27,19,TyLoo
2016-06-27,20,Gambit
2016-06-27,21,FlipSid3
2016-06-27,22,CLG
2016-06-27,23,Kinguin
2016-06-27,24,Orbit
2016-06-27,25,Epsilon
2016-06-27,26,SK
2016-06-27,27,ENCE
2016-06-27,28,Renegades
2016-06-27,29,Selfless
2016-06-27,30,Immunity
2016-07-04,1,SK
2016-07-04,2,G2
2016-07-04,3,fnatic
2016-07-04,4,NiP
2016-07-04,5,Natus Vincere
2016-07-04,6,EnVyUs
2016-07-04,7,Virtus.pro
2016-07-04,8,Astralis
2016-07-04,9,Immortals
2016-07-04,10,GODSENT
2016-07-04,11,Liquid
2016-07-04,12,TSM
2016-07-04,13,mousesports
2016-07-04,14,dignitas
2016-07-04,15,Cloud9
2016-07-04,16,OpTic
2016-07-04,17,FaZe
2016-07-04,18,TyLoo
2016-07-04,19,HellRaisers
2016-07-04,20,Gambit
2016-07-04,21,X
2016-07-04,22,Kinguin
2016-07-04,23,FlipSid3
2016-07-04,24,Orbit
2016-07-04,25,Epsilon
2016-07-04,26,CLG
2016-07-04,27,ENCE
2016-07-04,28,Renegades
2016-07-04,29,Splyce
2016-07-04,30,Selfless
2016-07-11,1,SK
2016-07-11,2,fnatic
2016-07-11,3,G2
2016-07-11,4,Natus Vincere
2016-07-11,5,Liquid
2016-07-11,6,NiP
2016-07-11,7,Virtus.pro
2016-07-11,8,Astralis
2016-07-11,9,EnVyUs
2016-07-11,10,Immortals
2016-07-11,11,Gambit
2016-07-11,12,FlipSid3
2016-07-11,13,GODSENT
2016-07-11,14,TSM
2016-07-11,15,mousesports
2016-07-11,16,FaZe
2016-07-11,17,Cloud9
2016-07-11,18,dignitas
2016-07-11,19,OpTic
2016-07-11,20,TyLoo
2016-07-11,21,HellRaisers
2016-07-11,22,Kinguin
2016-07-11,23,X
2016-07-11,24,CLG
2016-07-11,25,Epsilon
2016-07-11,26,Orbit
2016-07-11,27,Renegades
2016-07-11,28,ENCE
2016-07-11,29,Spirit
2016-07-11,30,Splyce
2016-07-19,1,SK
2016-07-19,2,fnatic
2016-07-19,3,G2
2016-07-19,4,Natus Vincere
2016-07-19,5,Virtus.pro
2016-07-19,6,NiP
2016-07-19,7,Astralis
2016-07-19,8,Liquid
2016-07-19,9,Immortals
2016-07-19,10,EnVyUs
2016-07-19,11,mousesports
2016-07-19,12,FaZe
2016-07-19,13,FlipSid3
2016-07-19,14,Gambit
2016-07-19,15,Cloud9
2016-07-19,16,TSM
2016-07-19,17,GODSENT
2016-07-19,18,OpTic
2016-07-19,19,dignitas
2016-07-19,20,HellRaisers
2016-07-19,21,TyLoo
2016-07-19,22,Epsilon
2016-07-19,23,CLG
2016-07-19,24,MK
2016-07-19,25,Renegades
2016-07-19,26,ENCE
2016-07-19,27,Kinguin
2016-07-19,28,X
2016-07-19,29,Echo Fox
2016-07-19,30,PENTA
2016-07-26,1,SK
2016-07-26,2,fnatic
2016-07-26,3,G2
2016-07-26,4,Natus Vincere
2016-07-26,5,Virtus.pro
2016-07-26,6,NiP
2016-07-26,7,Liquid
2016-07-26,8,Astralis
2016-07-26,9,mousesports
2016-07-26,10,EnVyUs
2016-07-26,11,FaZe
2016-07-26,12,FlipSid3
2016-07-26,13,Immortals
2016-07-26,14,Gambit
2016-07-26,15,Cloud9
2016-07-26,16,TSM
2016-07-26,17,GODSENT
2016-07-26,18,OpTic
2016-07-26,19,dignitas
2016-07-26,20,Epsilon
2016-07-26,21,TyLoo
2016-07-26,22,HellRaisers
2016-07-26,23,X
2016-07-26,24,ENCE
2016-07-26,25,Renegades
2016-07-26,26,Kinguin
2016-07-26,27,MK
2016-07-26,28,Echo Fox
2016-07-26,29,PENTA
2016-07-26,30,ALTERNATE aTTaX
2016-08-01,1,SK
2016-08-01,2,fnatic
2016-08-01,3,Virtus.pro
2016-08-01,4,Natus Vincere
2016-08-01,5,G2
2016-08-01,6,Astralis
2016-08-01,7,NiP
2016-08-01,8,mousesports
2016-08-01,9,Liquid
2016-08-01,10,EnVyUs
2016-08-01,11,FaZe
2016-08-01,12,FlipSid3
2016-08-01,13,Cloud9
2016-08-01,14,Gambit
2016-08-01,15,Immortals
2016-08-01,16,TSM
2016-08-01,17,OpTic
2016-08-01,18,GODSENT
2016-08-01,19,dignitas
2016-08-01,20,Epsilon
2016-08-01,21,X
2016-08-01,22,TyLoo
2016-08-01,23,HellRaisers
2016-08-01,24,Renegades
2016-08-01,25,Kinguin
2016-08-01,26,Echo Fox
2016-08-01,27,MK
2016-08-01,28,ENCE
2016-08-01,29,ALTERNATE aTTaX
2016-08-01,30,NRG
2016-08-08,1,SK
2016-08-08,2,fnatic
2016-08-08,3,Virtus.pro
2016-08-08,4,G2
2016-08-08,5,Natus Vincere
2016-08-08,6,NiP
2016-08-08,7,Liquid
2016-08-08,8,Astralis
2016-08-08,9,mousesports
2016-08-08,10,EnVyUs
2016-08-08,11,FaZe
2016-08-08,12,Immortals
2016-08-08,13,Cloud9
2016-08-08,14,FlipSid3
2016-08-08,15,TSM
2016-08-08,16,Gambit
2016-08-08,17,GODSENT
2016-08-08,18,dignitas
2016-08-08,19,Epsilon
2016-08-08,20,OpTic
2016-08-08,21,X
2016-08-08,22,Renegades
2016-08-08,23,HellRaisers
2016-08-08,24,TyLoo
2016-08-08,25,Kinguin
2016-08-08,26,Echo Fox
2016-08-08,27,Space Soldiers
2016-08-08,28,ENCE
2016-08-08,29,MK
2016-08-08,30,Spirit
2016-08-15,1,SK
2016-08-15,2,Virtus.pro
2016-08-15,3,G2
2016-08-15,4,Natus Vincere
2016-08-15,5,GODSENT
2016-08-15,6,NiP
2016-08-15,7,Liquid
2016-08-15,8,mousesports
2016-08-15,9,Astralis
2016-08-15,10,EnVyUs
2016-08-15,11,Immortals
2016-08-15,12,Cloud9
2016-08-15,13,FlipSid3
2016-08-15,14,TSM
2016-08-15,15,Gambit
2016-08-15,16,FaZe
2016-08-15,17,dignitas
2016-08-15,18,OpTic
2016-08-15,19,X
2016-08-15,20,Epsilon
2016-08-15,21,Renegades
2016-08-15,22,HellRaisers
2016-08-15,23,Echo Fox
2016-08-15,24,TyLoo
2016-08-15,25,Kinguin
2016-08-15,26,Space Soldiers
2016-08-15,27,ENCE
2016-08-15,28,MK
2016-08-15,29,Spirit
2016-08-15,30,VG.CyberZen
2016-08-22,1,SK
2016-08-22,2,Virtus.pro
2016-08-22,3,GODSENT
2016-08-22,4,Natus Vincere
2016-08-22,5,G2
2016-08-22,6,NiP
2016-08-22,7,Liquid
2016-08-22,8,Astralis
2016-08-22,9,EnVyUs
2016-08-22,10,mousesports
2016-08-22,11,Gambit
2016-08-22,12,FlipSid3
2016-08-22,13,FaZe
2016-08-22,14,Cloud9
2016-08-22,15,X
2016-08-22,16,dignitas
2016-08-22,17,Immortals
2016-08-22,18,Epsilon
2016-08-22,19,Renegades
2016-08-22,20,TSM
2016-08-22,21,HellRaisers
2016-08-22,22,Space Soldiers
2016-08-22,23,OpTic
2016-08-22,24,TyLoo
2016-08-22,25,MK
2016-08-22,26,Echo Fox
2016-08-22,27,Spirit
2016-08-22,28,ENCE
2016-08-22,29,VG.CyberZen
2016-08-22,30,Kinguin
2016-08-29,1,SK
2016-08-29,2,Virtus.pro
2016-08-29,3,GODSENT
2016-08-29,4,Natus Vincere
2016-08-29,5,G2
2016-08-29,6,Liquid
2016-08-29,7,NiP
2016-08-29,8,Astralis
2016-08-29,9,EnVyUs
2016-08-29,10,mousesports
2016-08-29,11,Gambit
2016-08-29,12,Heroic
2016-08-29,13,Cloud9
2016-08-29,14,FlipSid3
2016-08-29,15,dignitas
2016-08-29,16,FaZe
2016-08-29,17,Immortals
2016-08-29,18,MK
2016-08-29,19,Space Soldiers
2016-08-29,20,OpTic
2016-08-29,21,TSM
2016-08-29,22,Renegades
2016-08-29,23,Epsilon
2016-08-29,24,HellRaisers
2016-08-29,25,TyLoo
2016-08-29,26,Echo Fox
2016-08-29,27,Spirit
2016-08-29,28,Crowns
2016-08-29,29,ENCE
2016-08-29,30,ALTERNATE aTTaX
2016-09-05,1,SK
2016-09-05,2,Virtus.pro
2016-09-05,3,G2
2016-09-05,4,GODSENT
2016-09-05,5,Natus Vincere
2016-09-05,6,Astralis
2016-09-05,7,NiP
2016-09-05,8,Cloud9
2016-09-05,9,Liquid
2016-09-05,10,Immortals
2016-09-05,11,Heroic
2016-09-05,12,EnVyUs
2016-09-05,13,mousesports
2016-09-05,14,FaZe
2016-09-05,15,Gambit
2016-09-05,16,dignitas
2016-09-05,17,FlipSid3
2016-09-05,18,Echo Fox
2016-09-05,19,MK
2016-09-05,20,OpTic
2016-09-05,21,Renegades
2016-09-05,22,TSM
2016-09-05,23,HellRaisers
2016-09-05,24,Space Soldiers
2016-09-05,25,Epsilon
2016-09-05,26,TyLoo
2016-09-05,27,Crowns
2016-09-05,28,Spirit
2016-09-05,29,VG.CyberZen
2016-09-05,30,ALTERNATE aTTaX
2016-09-12,1,SK
2016-09-12,2,Virtus.pro
2016-09-12,3,G2
2016-09-12,4,NiP
2016-09-12,5,Cloud9
2016-09-12,6,Astralis
2016-09-12,7,GODSENT
2016-09-12,8,dignitas
2016-09-12,9,Natus Vincere
2016-09-12,10,Heroic
2016-09-12,11,EnVyUs
2016-09-12,12,Liquid
2016-09-12,13,Immortals
2016-09-12,14,FaZe
2016-09-12,15,FlipSid3
2016-09-12,16,mousesports
2016-09-12,17,Gambit
2016-09-12,18,Echo Fox
2016-09-12,19,TyLoo
2016-09-12,20,OpTic
2016-09-12,21,HellRaisers
2016-09-12,22,VG.CyberZen
2016-09-12,23,Space Soldiers
2016-09-12,24,Epsilon
2016-09-12,25,TSM
2016-09-12,26,ALTERNATE aTTaX
2016-09-12,27,Renegades
2016-09-12,28,Crowns
2016-09-12,29,Spirit
2016-09-12,30,MK
2016-09-19,1,SK
2016-09-19,2,Virtus.pro
2016-09-19,3,G2
2016-09-19,4,NiP
2016-09-19,5,Cloud9
2016-09-19,6,dignitas
2016-09-19,7,Astralis
2016-09-19,8,GODSENT
2016-09-19,9,EnVyUs
2016-09-19,10,Natus Vincere
2016-09-19,11,Heroic
2016-09-19,12,Immortals
2016-09-19,13,Liquid
2016-09-19,14,FaZe
2016-09-19,15,FlipSid3
2016-09-19,16,mousesports
2016-09-19,17,Gambit
2016-09-19,18,OpTic
2016-09-19,19,Echo Fox
2016-09-19,20,TyLoo
2016-09-19,21,TSM
2016-09-19,22,Renegades
2016-09-19,23,VG.CyberZen
2016-09-19,24,HellRaisers
2016-09-19,25,Space Soldiers
2016-09-19,26,NRG
2016-09-19,27,ALTERNATE aTTaX
2016-09-19,28,fnatic
2016-09-19,29,Crowns
2016-09-19,30,Spirit
2016-09-26,1,SK
2016-09-26,2,Virtus.pro
2016-09-26,3,G2
2016-09-26,4,NiP
2016-09-26,5,Cloud9
2016-09-26,6,dignitas
2016-09-26,7,EnVyUs
2016-09-26,8,Astralis
2016-09-26,9,GODSENT
2016-09-26,10,Natus Vincere
2016-09-26,11,Heroic
2016-09-26,12,Immortals
2016-09-26,13,Liquid
2016-09-26,14,FaZe
2016-09-26,15,mousesports
2016-09-26,16,FlipSid3
2016-09-26,17,OpTic
2016-09-26,18,Echo Fox
2016-09-26,19,TyLoo
2016-09-26,20,Gambit
2016-09-26,21,VG.CyberZen
2016-09-26,22,HellRaisers
2016-09-26,23,Renegades
2016-09-26,24,TSM
2016-09-26,25,NRG
2016-09-26,26,fnatic
2016-09-26,27,Space Soldiers
2016-09-26,28,Crowns
2016-09-26,29,Epsilon
2016-09-26,30,PENTA
2016-10-03,1,SK
2016-10-03,2,Virtus.pro
2016-10-03,3,Natus Vincere
2016-10-03,4,NiP
2016-10-03,5,Cloud9
2016-10-03,6,Liquid
2016-10-03,7,dignitas
2016-10-03,8,G2
2016-10-03,9,EnVyUs
2016-10-03,10,Astralis
2016-10-03,11,GODSENT
2016-10-03,12,OpTic
2016-10-03,13,Immortals
2016-10-03,14,Heroic
2016-10-03,15,FaZe
2016-10-03,16,mousesports
2016-10-03,17,fnatic
2016-10-03,18,FlipSid3
2016-10-03,19,Echo Fox
2016-10-03,20,TyLoo
2016-10-03,21,VG.CyberZen
2016-10-03,22,Gambit
2016-10-03,23,HellRaisers
2016-10-03,24,Renegades
2016-10-03,25,NRG
2016-10-03,26,TSM
2016-10-03,27,Crowns
2016-10-03,28,ALTERNATE aTTaX
2016-10-03,29,compLexity
2016-10-03,30,PENTA
2016-10-10,1,SK
2016-10-10,2,Virtus.pro
2016-10-10,3,Natus Vincere
2016-10-10,4,dignitas
2016-10-10,5,Cloud9
2016-10-10,6,Liquid
2016-10-10,7,NiP
2016-10-10,8,G2
2016-10-10,9,Astralis
2016-10-10,10,EnVyUs
2016-10-10,11,GODSENT
2016-10-10,12,OpTic
2016-10-10,13,Immortals
2016-10-10,14,Heroic
2016-10-10,15,fnatic
2016-10-10,16,FaZe
2016-10-10,17,mousesports
2016-10-10,18,FlipSid3
2016-10-10,19,TyLoo
2016-10-10,20,Gambit
2016-10-10,21,Echo Fox
2016-10-10,22,VG.CyberZen
2016-10-10,23,HellRaisers
2016-10-10,24,Renegades
2016-10-10,25,Kinguin
2016-10-10,26,NRG
2016-10-10,27,Epsilon
2016-10-10,28,Crowns
2016-10-10,29,iGame.com
2016-10-10,30,TSM
2016-10-17,1,Virtus.pro
2016-10-17,2,SK
2016-10-17,3,Natus Vincere
2016-10-17,4,NiP
2016-10-17,5,dignitas
2016-10-17,6,Cloud9
2016-10-17,7,G2
2016-10-17,8,Liquid
2016-10-17,9,EnVyUs
2016-10-17,10,GODSENT
2016-10-17,11,OpTic
2016-10-17,12,Immortals
2016-10-17,13,Astralis
2016-10-17,14,fnatic
2016-10-17,15,FaZe
2016-10-17,16,Heroic
2016-10-17,17,mousesports
2016-10-17,18,FlipSid3
2016-10-17,19,TyLoo
2016-10-17,20,VG.CyberZen
2016-10-17,21,Renegades
2016-10-17,22,Kinguin
2016-10-17,23,Gambit
2016-10-17,24,Echo Fox
2016-10-17,25,NRG
2016-10-17,26,HellRaisers
2016-10-17,27,Epsilon
2016-10-17,28,iGame.com
2016-10-17,29,CLG
2016-10-17,30,ALTERNATE aTTaX
2016-10-24,1,Virtus.pro
2016-10-24,2,dignitas
2016-10-24,3,SK
2016-10-24,4,Natus Vincere
2016-10-24,5,G2
2016-10-24,6,NiP
2016-10-24,7,Cloud9
2016-10-24,8,Liquid
2016-10-24,9,fnatic
2016-10-24,10,EnVyUs
2016-10-24,11,OpTic
2016-10-24,12,Astralis
2016-10-24,13,Immortals
2016-10-24,14,mousesports
2016-10-24,15,FaZe
2016-10-24,16,FlipSid3
2016-10-24,17,HellRaisers
2016-10-24,18,Heroic
2016-10-24,19,VG.CyberZen
2016-10-24,20,TyLoo
2016-10-24,21,GODSENT
2016-10-24,22,Kinguin
2016-10-24,23,Renegades
2016-10-24,24,Gambit
2016-10-24,25,NRG
2016-10-24,26,Epsilon
2016-10-24,27,Echo Fox
2016-10-24,28,iGame.com
2016-10-24,29,CLG
2016-10-24,30,TSM
2016-11-01,1,SK
2016-11-01,2,Virtus.pro
2016-11-01,3,dignitas
2016-11-01,4,Natus Vincere
2016-11-01,5,Cloud9
2016-11-01,6,NiP
2016-11-01,7,G2
2016-11-01,8,mousesports
2016-11-01,9,EnVyUs
2016-11-01,10,Liquid
2016-11-01,11,fnatic
2016-11-01,12,OpTic
2016-11-01,13,FaZe
2016-11-01,14,Immortals
2016-11-01,15,Astralis
2016-11-01,16,FlipSid3
2016-11-01,17,TyLoo
2016-11-01,18,HellRaisers
2016-11-01,19,Heroic
2016-11-01,20,VG.CyberZen
2016-11-01,21,Renegades
2016-11-01,22,ALTERNATE aTTaX
2016-11-01,23,Kinguin
2016-11-01,24,Gambit
2016-11-01,25,GODSENT
2016-11-01,26,Epsilon
2016-11-01,27,LDLC
2016-11-01,28,NRG
2016-11-01,29,Platinium
2016-11-01,30,Space Soldiers
2016-11-07,1,SK
2016-11-07,2,Virtus.pro
2016-11-07,3,dignitas
2016-11-07,4,Natus Vincere
2016-11-07,5,Cloud9
2016-11-07,6,G2
2016-11-07,7,NiP
2016-11-07,8,mousesports
2016-11-07,9,EnVyUs
2016-11-07,10,Liquid
2016-11-07,11,OpTic
2016-11-07,12,fnatic
2016-11-07,13,FaZe
2016-11-07,14,Immortals
2016-11-07,15,Astralis
2016-11-07,16,GODSENT
2016-11-07,17,HellRaisers
2016-11-07,18,FlipSid3
2016-11-07,19,TyLoo
2016-11-07,20,Gambit
2016-11-07,21,Heroic
2016-11-07,22,Epsilon
2016-11-07,23,VG.CyberZen
2016-11-07,24,Renegades
2016-11-07,25,Kinguin
2016-11-07,26,ALTERNATE aTTaX
2016-11-07,27,Space Soldiers
2016-11-07,28,LDLC
2016-11-07,29,NRG
2016-11-07,30,Platinium
2016-11-14,1,SK
2016-11-14,2,Virtus.pro
2016-11-14,3,dignitas
2016-11-14,4,Natus Vincere
2016-11-14,5,Cloud9
2016-11-14,6,G2
2016-11-14,7,NiP
2016-11-14,8,EnVyUs
2016-11-14,9,OpTic
2016-11-14,10,mousesports
2016-11-14,11,Liquid
2016-11-14,12,fnatic
2016-11-14,13,Immortals
2016-11-14,14,FaZe
2016-11-14,15,Astralis
2016-11-14,16,GODSENT
2016-11-14,17,HellRaisers
2016-11-14,18,TyLoo
2016-11-14,19,Heroic
2016-11-14,20,FlipSid3
2016-11-14,21,Gambit
2016-11-14,22,VG.CyberZen
2016-11-14,23,Renegades
2016-11-14,24,Kinguin
2016-11-14,25,Epsilon
2016-11-14,26,ALTERNATE aTTaX
2016-11-14,27,Space Soldiers
2016-11-14,28,NRG
2016-11-14,29,LDLC
2016-11-14,30,Platinium
2016-11-21,1,SK
2016-11-21,2,NiP
2016-11-21,3,Virtus.pro
2016-11-21,4,dignitas
2016-11-21,5,Natus Vincere
2016-11-21,6,Cloud9
2016-11-21,7,G2
2016-11-21,8,FaZe
2016-11-21,9,Astralis
2016-11-21,10,Liquid
2016-11-21,11,EnVyUs
2016-11-21,12,OpTic
2016-11-21,13,Immortals
2016-11-21,14,mousesports
2016-11-21,15,fnatic
2016-11-21,16,Heroic
2016-11-21,17,GODSENT
2016-11-21,18,TyLoo
2016-11-21,19,HellRaisers
2016-11-21,20,Gambit
2016-11-21,21,FlipSid3
2016-11-21,22,Kinguin
2016-11-21,23,Epsilon
2016-11-21,24,VG.CyberZen
2016-11-21,25,Renegades
2016-11-21,26,ALTERNATE aTTaX
2016-11-21,27,LDLC
2016-11-21,28,NRG
2016-11-21,29,iGame.com
2016-11-21,30,Platinium
2016-11-28,1,SK
2016-11-28,2,NiP
2016-11-28,3,Virtus.pro
2016-11-28,4,dignitas
2016-11-28,5,Cloud9
2016-11-28,6,Natus Vincere
2016-11-28,7,G2
2016-11-28,8,Astralis
2016-11-28,9,FaZe
2016-11-28,10,EnVyUs
2016-11-28,11,Immortals
2016-11-28,12,Liquid
2016-11-28,13,OpTic
2016-11-28,14,mousesports
2016-11-28,15,Gambit
2016-11-28,16,fnatic
2016-11-28,17,GODSENT
2016-11-28,18,Heroic
2016-11-28,19,Renegades
2016-11-28,20,Kinguin
2016-11-28,21,TyLoo
2016-11-28,22,FlipSid3
2016-11-28,23,HellRaisers
2016-11-28,24,Epsilon
2016-11-28,25,VG.CyberZen
2016-11-28,26,LDLC
2016-11-28,27,ALTERNATE aTTaX
2016-11-28,28,CLG
2016-11-28,29,iGame.com
2016-11-28,30,Space Soldiers
2016-12-05,1,NiP
2016-12-05,2,SK
2016-12-05,3,Virtus.pro
2016-12-05,4,Astralis
2016-12-05,5,dignitas
2016-12-05,6,OpTic
2016-12-05,7,Cloud9
2016-12-05,8,FaZe
2016-12-05,9,Natus Vincere
2016-12-05,10,G2
2016-12-05,11,mousesports
2016-12-05,12,Immortals
2016-12-05,13,EnVyUs
2016-12-05,14,Liquid
2016-12-05,15,Gambit
2016-12-05,16,fnatic
2016-12-05,17,GODSENT
2016-12-05,18,Heroic
2016-12-05,19,Renegades
2016-12-05,20,TyLoo
2016-12-05,21,FlipSid3
2016-12-05,22,Kinguin
2016-12-05,23,HellRaisers
2016-12-05,24,Epsilon
2016-12-05,25,VG.CyberZen
2016-12-05,26,LDLC
2016-12-05,27,Vexed
2016-12-05,28,Space Soldiers
2016-12-05,29,ALTERNATE aTTaX
2016-12-05,30,TSM
2016-12-12,1,Astralis
2016-12-12,2,SK
2016-12-12,3,NiP
2016-12-12,4,OpTic
2016-12-12,5,Virtus.pro
2016-12-12,6,dignitas
2016-12-12,7,Natus Vincere
2016-12-12,8,FaZe
2016-12-12,9,Cloud9
2016-12-12,10,G2
2016-12-12,11,EnVyUs
2016-12-12,12,mousesports
2016-12-12,13,Immortals
2016-12-12,14,Liquid
2016-12-12,15,Gambit
2016-12-12,16,fnatic
2016-12-12,17,GODSENT
2016-12-12,18,Heroic
2016-12-12,19,Renegades
2016-12-12,20,HellRaisers
2016-12-12,21,TyLoo
2016-12-12,22,Kinguin
2016-12-12,23,Epsilon
2016-12-12,24,FlipSid3
2016-12-12,25,VG.CyberZen
2016-12-12,26,LDLC
2016-12-12,27,ALTERNATE aTTaX
2016-12-12,28,Space Soldiers
2016-12-12,29,Vexed
2016-12-12,30,iGame.com
2016-12-19,1,Astralis
2016-12-19,2,SK
2016-12-19,3,OpTic
2016-12-19,4,NiP
2016-12-19,5,Virtus.pro
2016-12-19,6,dignitas
2016-12-19,7,FaZe
2016-12-19,8,Natus Vincere
2016-12-19,9,Cloud9
2016-12-19,10,G2
2016-12-19,11,EnVyUs
2016-12-19,12,mousesports
2016-12-19,13,Immortals
2016-12-19,14,Liquid
2016-12-19,15,GODSENT
2016-12-19,16,Gambit
2016-12-19,17,HellRaisers
2016-12-19,18,fnatic
2016-12-19,19,Heroic
2016-12-19,20,Renegades
2016-12-19,21,TyLoo
2016-12-19,22,Kinguin
2016-12-19,23,FlipSid3
2016-12-19,24,Epsilon
2016-12-19,25,Vega Squadron
2016-12-19,26,VG.CyberZen
2016-12-19,27,LDLC
2016-12-19,28,fnatic Academy
2016-12-19,29,CLG
2016-12-19,30,Vexed
2016-12-26,1,Astralis
2016-12-26,2,SK
2016-12-26,3,OpTic
2016-12-26,4,NiP
2016-12-26,5,Virtus.pro
2016-12-26,6,dignitas
2016-12-26,7,FaZe
2016-12-26,8,Natus Vincere
2016-12-26,9,Cloud9
2016-12-26,10,G2
2016-12-26,11,EnVyUs
2016-12-26,12,mousesports
2016-12-26,13,Immortals
2016-12-26,14,Liquid
2016-12-26,15,GODSENT
2016-12-26,16,Gambit
2016-12-26,17,HellRaisers
2016-12-26,18,fnatic
2016-12-26,19,Heroic
2016-12-26,20,Renegades
2016-12-26,21,Kinguin
2016-12-26,22,TyLoo
2016-12-26,23,FlipSid3
2016-12-26,24,Epsilon
2016-12-26,25,Vega Squadron
2016-12-26,26,VG.CyberZen
2016-12-26,27,CLG
2016-12-26,28,LDLC
2016-12-26,29,fnatic Academy
2016-12-26,30,iGame.com
2017-01-02,1,Astralis
2017-01-02,2,SK
2017-01-02,3,OpTic
2017-01-02,4,NiP
2017-01-02,5,Virtus.pro
2017-01-02,6,dignitas
2017-01-02,7,FaZe
2017-01-02,8,Natus Vincere
2017-01-02,9,Cloud9
2017-01-02,10,G2
2017-01-02,11,EnVyUs
2017-01-02,12,mousesports
2017-01-02,13,Immortals
2017-01-02,14,Liquid
2017-01-02,15,GODSENT
2017-01-02,16,Gambit
2017-01-02,17,fnatic
2017-01-02,18,HellRaisers
2017-01-02,19,Heroic
2017-01-02,20,Renegades
2017-01-02,21,Kinguin
2017-01-02,22,TyLoo
2017-01-02,23,FlipSid3
2017-01-02,24,Epsilon
2017-01-02,25,Vega Squadron
2017-01-02,26,VG.CyberZen
2017-01-02,27,fnatic Academy
2017-01-02,28,iGame.com
2017-01-02,29,LDLC
2017-01-02,30,CLG
2017-01-09,1,Astralis
2017-01-09,2,SK
2017-01-09,3,OpTic
2017-01-09,4,NiP
2017-01-09,5,North
2017-01-09,6,Virtus.pro
2017-01-09,7,FaZe
2017-01-09,8,Cloud9
2017-01-09,9,Natus Vincere
2017-01-09,10,G2
2017-01-09,11,EnVyUs
2017-01-09,12,mousesports
2017-01-09,13,Immortals
2017-01-09,14,GODSENT
2017-01-09,15,Liquid
2017-01-09,16,Gambit
2017-01-09,17,HellRaisers
2017-01-09,18,Heroic
2017-01-09,19,fnatic
2017-01-09,20,Renegades
2017-01-09,21,Kinguin
2017-01-09,22,FlipSid3
2017-01-09,23,Epsilon
2017-01-09,24,TyLoo
2017-01-09,25,Vega Squadron
2017-01-09,26,LDLC
2017-01-09,27,VG.CyberZen
2017-01-09,28,Rogue
2017-01-09,29,fnatic Academy
2017-01-09,30,iGame.com
2017-01-16,1,Astralis
2017-01-16,2,OpTic
2017-01-16,3,SK
2017-01-16,4,NiP
2017-01-16,5,Virtus.pro
2017-01-16,6,North
2017-01-16,7,FaZe
2017-01-16,8,EnVyUs
2017-01-16,9,Cloud9
2017-01-16,10,G2
2017-01-16,11,Natus Vincere
2017-01-16,12,mousesports
2017-01-16,13,Immortals
2017-01-16,14,Gambit
2017-01-16,15,Kinguin
2017-01-16,16,GODSENT
2017-01-16,17,Liquid
2017-01-16,18,FlipSid3
2017-01-16,19,HellRaisers
2017-01-16,20,fnatic
2017-01-16,21,Heroic
2017-01-16,22,Renegades
2017-01-16,23,Space Soldiers
2017-01-16,24,Epsilon
2017-01-16,25,iGame.com
2017-01-16,26,LDLC
2017-01-16,27,TyLoo
2017-01-16,28,BIG
2017-01-16,29,VG.CyberZen
2017-01-16,30,Vega Squadron
2017-01-23,1,Astralis
2017-01-23,2,OpTic
2017-01-23,3,SK
2017-01-23,4,Virtus.pro
2017-01-23,5,NiP
2017-01-23,6,North
2017-01-23,7,FaZe
2017-01-23,8,EnVyUs
2017-01-23,9,Natus Vincere
2017-01-23,10,Cloud9
2017-01-23,11,G2
2017-01-23,12,mousesports
2017-01-23,13,Immortals
2017-01-23,14,GODSENT
2017-01-23,15,Kinguin
2017-01-23,16,Gambit
2017-01-23,17,Liquid
2017-01-23,18,HellRaisers
2017-01-23,19,FlipSid3
2017-01-23,20,fnatic
2017-01-23,21,Heroic
2017-01-23,22,Space Soldiers
2017-01-23,23,Renegades
2017-01-23,24,Epsilon
2017-01-23,25,BIG
2017-01-23,26,iGame.com
2017-01-23,27,LDLC
2017-01-23,28,TyLoo
2017-01-23,29,Vega Squadron
2017-01-23,30,VG.CyberZen
2017-01-30,1,Astralis
2017-01-30,2,Virtus.pro
2017-01-30,3,SK
2017-01-30,4,OpTic
2017-01-30,5,FaZe
2017-01-30,6,North
2017-01-30,7,NiP
2017-01-30,8,fnatic
2017-01-30,9,Natus Vincere
2017-01-30,10,EnVyUs
2017-01-30,11,Cloud9
2017-01-30,12,Gambit
2017-01-30,13,G2
2017-01-30,14,GODSENT
2017-01-30,15,mousesports
2017-01-30,16,Liquid
2017-01-30,17,Kinguin
2017-01-30,18,Immortals
2017-01-30,19,FlipSid3
2017-01-30,20,HellRaisers
2017-01-30,21,Space Soldiers
2017-01-30,22,Heroic
2017-01-30,23,Epsilon
2017-01-30,24,Renegades
2017-01-30,25,iGame.com
2017-01-30,26,BIG
2017-01-30,27,LDLC
2017-01-30,28,TyLoo
2017-01-30,29,Vega Squadron
2017-01-30,30,VG.CyberZen
2017-02-06,1,Astralis
2017-02-06,2,Virtus.pro
2017-02-06,3,SK
2017-02-06,4,FaZe
2017-02-06,5,North
2017-02-06,6,Natus Vincere
2017-02-06,7,NiP
2017-02-06,8,OpTic
2017-02-06,9,Gambit
2017-02-06,10,Cloud9
2017-02-06,11,fnatic
2017-02-06,12,G2
2017-02-06,13,mousesports
2017-02-06,14,Kinguin
2017-02-06,15,FlipSid3
2017-02-06,16,GODSENT
2017-02-06,17,Liquid
2017-02-06,18,HellRaisers
2017-02-06,19,Immortals
2017-02-06,20,Space Soldiers
2017-02-06,21,Heroic
2017-02-06,22,Renegades
2017-02-06,23,Epsilon
2017-02-06,24,BIG
2017-02-06,25,TyLoo
2017-02-06,26,LDLC
2017-02-06,27,Vega Squadron
2017-02-06,28,VG.CyberZen
2017-02-06,29,iGame.com
2017-02-06,30,DarkPassage
2017-02-13,1,Astralis
2017-02-13,2,Virtus.pro
2017-02-13,3,SK
2017-02-13,4,Natus Vincere
2017-02-13,5,OpTic
2017-02-13,6,NiP
2017-02-13,7,FaZe
2017-02-13,8,North
2017-02-13,9,Gambit
2017-02-13,10,fnatic
2017-02-13,11,Cloud9
2017-02-13,12,Kinguin
2017-02-13,13,G2
2017-02-13,14,mousesports
2017-02-13,15,Liquid
2017-02-13,16,FlipSid3
2017-02-13,17,GODSENT
2017-02-13,18,Heroic
2017-02-13,19,Immortals
2017-02-13,20,Space Soldiers
2017-02-13,21,BIG
2017-02-13,22,HellRaisers
2017-02-13,23,Epsilon
2017-02-13,24,LDLC
2017-02-13,25,TyLoo
2017-02-13,26,Renegades
2017-02-13,27,Rogue
2017-02-13,28,iGame.com
2017-02-13,29,EnVyUs
2017-02-13,30,Vega Squadron
2017-02-20,1,Astralis
2017-02-20,2,Virtus.pro
2017-02-20,3,SK
2017-02-20,4,North
2017-02-20,5,Natus Vincere
2017-02-20,6,NiP
2017-02-20,7,Gambit
2017-02-20,8,OpTic
2017-02-20,9,FaZe
2017-02-20,10,mousesports
2017-02-20,11,Cloud9
2017-02-20,12,fnatic
2017-02-20,13,Kinguin
2017-02-20,14,G2
2017-02-20,15,Liquid
2017-02-20,16,FlipSid3
2017-02-20,17,GODSENT
2017-02-20,18,Heroic
2017-02-20,19,Immortals
2017-02-20,20,BIG
2017-02-20,21,Epsilon
2017-02-20,22,HellRaisers
2017-02-20,23,Space Soldiers
2017-02-20,24,LDLC
2017-02-20,25,TyLoo
2017-02-20,26,Renegades
2017-02-20,27,iGame.com
2017-02-20,28,Rogue
2017-02-20,29,EnVyUs
2017-02-20,30,Misfits
2017-02-27,1,Astralis
2017-02-27,2,Virtus.pro
2017-02-27,3,SK
2017-02-27,4,North
2017-02-27,5,Natus Vincere
2017-02-27,6,OpTic
2017-02-27,7,Gambit
2017-02-27,8,NiP
2017-02-27,9,FaZe
2017-02-27,10,fnatic
2017-02-27,11,Cloud9
2017-02-27,12,mousesports
2017-02-27,13,G2
2017-02-27,14,Kinguin
2017-02-27,15,Liquid
2017-02-27,16,FlipSid3
2017-02-27,17,GODSENT
2017-02-27,18,Heroic
2017-02-27,19,Epsilon
2017-02-27,20,BIG
2017-02-27,21,Immortals
2017-02-27,22,HellRaisers
2017-02-27,23,Space Soldiers
2017-02-27,24,LDLC
2017-02-27,25,TyLoo
2017-02-27,26,iGame.com
2017-02-27,27,Rogue
2017-02-27,28,Renegades
2017-02-27,29,EnVyUs
2017-02-27,30,Misfits
2017-03-06,1,Astralis
2017-03-06,2,Virtus.pro
2017-03-06,3,SK
2017-03-06,4,FaZe
2017-03-06,5,North
2017-03-06,6,Natus Vincere
2017-03-06,7,Immortals
2017-03-06,8,Gambit
2017-03-06,9,Heroic
2017-03-06,10,NiP
2017-03-06,11,OpTic
2017-03-06,12,fnatic
2017-03-06,13,Cloud9
2017-03-06,14,mousesports
2017-03-06,15,G2
2017-03-06,16,Kinguin
2017-03-06,17,Liquid
2017-03-06,18,FlipSid3
2017-03-06,19,GODSENT
2017-03-06,20,BIG
2017-03-06,21,Epsilon
2017-03-06,22,Space Soldiers
2017-03-06,23,HellRaisers
2017-03-06,24,iGame.com
2017-03-06,25,TyLoo
2017-03-06,26,LDLC
2017-03-06,27,EnVyUs
2017-03-06,28,Misfits
2017-03-06,29,Renegades
2017-03-06,30,Rogue
2017-03-13,1,Astralis
2017-03-13,2,Virtus.pro
2017-03-13,3,SK
2017-03-13,4,FaZe
2017-03-13,5,North
2017-03-13,6,Natus Vincere
2017-03-13,7,Immortals
2017-03-13,8,Gambit
2017-03-13,9,Heroic
2017-03-13,10,NiP
2017-03-13,11,fnatic
2017-03-13,12,Cloud9
2017-03-13,13,OpTic
2017-03-13,14,mousesports
2017-03-13,15,G2
2017-03-13,16,Liquid
2017-03-13,17,GODSENT
2017-03-13,18,Kinguin
2017-03-13,19,HellRaisers
2017-03-13,20,FlipSid3
2017-03-13,21,Epsilon
2017-03-13,22,Space Soldiers
2017-03-13,23,BIG
2017-03-13,24,Misfits
2017-03-13,25,EnVyUs
2017-03-13,26,Renegades
2017-03-13,27,LDLC
2017-03-13,28,TyLoo
2017-03-13,29,iGame.com
2017-03-13,30,Vega Squadron
2017-03-20,1,Astralis
2017-03-20,2,Virtus.pro
2017-03-20,3,SK
2017-03-20,4,FaZe
2017-03-20,5,North
2017-03-20,6,Natus Vincere
2017-03-20,7,Immortals
2017-03-20,8,Gambit
2017-03-20,9,fnatic
2017-03-20,10,Heroic
2017-03-20,11,OpTic
2017-03-20,12,Cloud9
2017-03-20,13,NiP
2017-03-20,14,mousesports
2017-03-20,15,G2
2017-03-20,16,Liquid
2017-03-20,17,Kinguin
2017-03-20,18,GODSENT
2017-03-20,19,HellRaisers
2017-03-20,20,FlipSid3
2017-03-20,21,BIG
2017-03-20,22,Renegades
2017-03-20,23,Space Soldiers
2017-03-20,24,TyLoo
2017-03-20,25,Epsilon
2017-03-20,26,EnVyUs
2017-03-20,27,LDLC
2017-03-20,28,Misfits
2017-03-20,29,fnatic Academy
2017-03-20,30,Vega Squadron
2017-03-27,1,Astralis
2017-03-27,2,Virtus.pro
2017-03-27,3,SK
2017-03-27,4,FaZe
2017-03-27,5,North
2017-03-27,6,Natus Vincere
2017-03-27,7,Immortals
2017-03-27,8,Heroic
2017-03-27,9,fnatic
2017-03-27,10,Gambit
2017-03-27,11,Cloud9
2017-03-27,12,NiP
2017-03-27,13,OpTic
2017-03-27,14,mousesports
2017-03-27,15,HellRaisers
2017-03-27,16,G2
2017-03-27,17,Kinguin
2017-03-27,18,Liquid
2017-03-27,19,LDLC
2017-03-27,20,FlipSid3
2017-03-27,21,TyLoo
2017-03-27,22,CLG
2017-03-27,23,NRG
2017-03-27,24,EnVyUs
2017-03-27,25,Luminosity
2017-03-27,26,Renegades
2017-03-27,27,Vega Squadron
2017-03-27,28,Misfits
2017-03-27,29,Space Soldiers
2017-03-27,30,BIG
2017-04-03,1,Astralis
2017-04-03,2,Virtus.pro
2017-04-03,3,SK
2017-04-03,4,FaZe
2017-04-03,5,North
2017-04-03,6,Natus Vincere
2017-04-03,7,Immortals
2017-04-03,8,Heroic
2017-04-03,9,Gambit
2017-04-03,10,Cloud9
2017-04-03,11,fnatic
2017-04-03,12,NiP
2017-04-03,13,OpTic
2017-04-03,14,mousesports
2017-04-03,15,HellRaisers
2017-04-03,16,G2
2017-04-03,17,Kinguin
2017-04-03,18,Space Soldiers
2017-04-03,19,BIG
2017-04-03,20,Liquid
2017-04-03,21,EnVyUs
2017-04-03,22,GODSENT
2017-04-03,23,FlipSid3
2017-04-03,24,CLG
2017-04-03,25,Vega Squadron
2017-04-03,26,Epsilon
2017-04-03,27,Renegades
2017-04-03,28,Luminosity
2017-04-03,29,NRG
2017-04-03,30,iGame.com
2017-04-10,1,Astralis
2017-04-10,2,FaZe
2017-04-10,3,Virtus.pro
2017-04-10,4,SK
2017-04-10,5,Natus Vincere
2017-04-10,6,North
2017-04-10,7,HellRaisers
2017-04-10,8,Immortals
2017-04-10,9,fnatic
2017-04-10,10,G2
2017-04-10,11,NiP
2017-04-10,12,Gambit
2017-04-10,13,Heroic
2017-04-10,14,Cloud9
2017-04-10,15,OpTic
2017-04-10,16,CLG
2017-04-10,17,mousesports
2017-04-10,18,Space Soldiers
2017-04-10,19,Kinguin
2017-04-10,20,Liquid
2017-04-10,21,FlipSid3
2017-04-10,22,BIG
2017-04-10,23,MVP Project
2017-04-10,24,GODSENT
2017-04-10,25,Renegades
2017-04-10,26,fnatic Academy
2017-04-10,27,TyLoo
2017-04-10,28,Vega Squadron
2017-04-10,29,Epsilon
2017-04-10,30,NRG
2017-04-17,1,Astralis
2017-04-17,2,FaZe
2017-04-17,3,Virtus.pro
2017-04-17,4,SK
2017-04-17,5,Natus Vincere
2017-04-17,6,North
2017-04-17,7,Immortals
2017-04-17,8,HellRaisers
2017-04-17,9,fnatic
2017-04-17,10,G2
2017-04-17,11,NiP
2017-04-17,12,Heroic
2017-04-17,13,Cloud9
2017-04-17,14,Gambit
2017-04-17,15,OpTic
2017-04-17,16,CLG
2017-04-17,17,mousesports
2017-04-17,18,Liquid
2017-04-17,19,Kinguin
2017-04-17,20,BIG
2017-04-17,21,Space Soldiers
2017-04-17,22,Singularity
2017-04-17,23,GODSENT
2017-04-17,24,FlipSid3
2017-04-17,25,Renegades
2017-04-17,26,NRG
2017-04-17,27,Epsilon
2017-04-17,28,MVP Project
2017-04-17,29,Tricked
2017-04-17,30,LDLC
