2302517-0,de_train,4074319541.0,128.0
2302518-0,de_cache,2515589719.0,128.0
2302519-0,de_cbble,211399940.0,128.0
2302520-0,de_mirage,2494823213.0,128.0
2302521-0,de_mirage,2494823213.0,128.0
2302522-0,de_cbble,211399940.0,128.0
2302523-0,de_train,4074319541.0,128.0
2302523-1,de_dust2,3406488821.0,128.0
2302524-0,de_train,4074319541.0,128.0
2302524-1,de_cache,2515589719.0,128.0
2302524-2,de_overpass,2285880676.0,128.0
2302525-0,de_cache,2515589719.0,128.0
2302525-1,de_mirage,2494823213.0,128.0
2302525-2,de_dust2,3406488821.0,128.0
2302526-0,de_dust2,3406488821.0,128.0
2302526-1,de_train,4074319541.0,128.0
2302559-0,de_cbble,211399940.0,128.0
2302559-1,de_inferno,3454318515.0,128.0
2302559-2,de_cache,2515589719.0,128.0
2302560-0,de_dust2,3406488821.0,128.0
2302560-1,de_train,4074319541.0,128.0
2302562-0,de_mirage,2494823213.0,128.0
2302562-1,de_cbble,211399940.0,128.0
2300722-0,de_train,4074319541.0,128.0
2300722-1,de_cbble,211399940.0,128.0
2300723-1,de_cbble,211399940.0,128.0
2300724-0,de_inferno,3454318515.0,128.0
2300724-1,de_cbble,211399940.0,128.0
2300725-0,de_cbble,211399940.0,128.0
2300725-1,de_cache,597569438.0,128.0
2300762-0,de_cbble,211399940.0,128.0
2300762-1,de_mirage,1450024005.0,128.0
2300762-2,de_train,4074319541.0,128.0
2300763-0,de_cache,597569438.0,128.0
2300763-1,de_cbble,211399940.0,128.0
2300763-2,de_mirage,1450024005.0,128.0
2300764-0,de_cache,597569438.0,128.0
2300764-1,de_cbble,211399940.0,128.0
2300765-0,de_cbble,211399940.0,128.0
2300765-1,de_overpass,3965900419.0,128.0
2300777-0,de_cache,597569438.0,128.0
2300777-1,de_overpass,3965900419.0,128.0
2300778-0,de_cbble,211399940.0,128.0
2300778-1,de_overpass,3965900419.0,128.0
2300778-2,de_cache,597569438.0,128.0
2300413-0,de_inferno,3454318515.0,128.0
2300414-0,de_overpass,3965900419.0,128.0
2300427-0,de_train,4074319541.0,128.0
2300428-0,de_mirage,1450024005.0,128.0
2300429-0,de_overpass,3965900419.0,128.0
2300429-1,de_mirage,1450024005.0,128.0
2300429-2,de_train,4074319541.0,128.0
2300430-0,de_cache,597569438.0,128.0
2300430-1,de_mirage,1450024005.0,128.0
2300430-2,de_cbble,211399940.0,128.0
2300437-0,de_train,4074319541.0,128.0
2300437-1,de_cache,597569438.0,128.0
2300438-0,de_cbble,211399940.0,128.0
2300438-1,de_mirage,1450024005.0,128.0
2300439-0,de_train,4074319541.0,128.0
2300439-1,de_overpass,3965900419.0,128.0
2300440-0,de_cbble,211399940.0,128.0
2300440-1,de_train,4074319541.0,128.0
2300444-0,de_train,4074319541.0,128.0
2300444-1,de_cbble,211399940.0,128.0
2300270-0,de_train,4074319541.0,128.0
2300270-1,de_mirage,1450024005.0,128.0
2300271-0,de_train,4074319541.0,128.0
2300271-1,de_inferno,3454318515.0,128.0
2300272-0,de_train,4074319541.0,128.0
2300272-1,de_mirage,1450024005.0,128.0
2300273-0,de_inferno,3454318515.0,128.0
2300273-1,de_cache,597569438.0,128.0
2300273-2,de_mirage,1450024005.0,128.0
2300274-0,de_dust2,3406488821.0,128.0
2300274-1,de_train,4074319541.0,128.0
2300275-0,de_mirage,1450024005.0,128.0
2300275-1,de_train,4074319541.0,128.0
2300276-0,de_dust2,3406488821.0,128.0
2300276-1,de_train,4074319541.0,128.0
2300295-0,de_inferno,3454318515.0,128.0
2300295-1,de_mirage,1450024005.0,128.0
2300296-0,de_inferno,3454318515.0,128.0
2300296-1,de_dust2,3406488821.0,128.0
2300296-2,de_cache,597569438.0,128.0
2300297-0,de_dust2,3406488821.0,128.0
2300297-1,de_mirage,1450024005.0,128.0
2300297-2,de_inferno,3454318515.0,128.0
2300315-0,de_cache,597569438.0,128.0
2300315-1,de_inferno,3454318515.0,128.0
2300316-0,de_dust2,3406488821.0,128.0
2300316-1,de_overpass,3965900419.0,128.0
2300316-2,de_mirage,1450024005.0,128.0
2300317-0,de_mirage,1450024005.0,128.0
2300317-1,de_cache,597569438.0,128.0
2300317-2,de_inferno,3454318515.0,128.0
2300318-0,de_cbble,211399940.0,128.0
2300318-1,de_train,4074319541.0,128.0
2300344-0,de_dust2,3406488821.0,128.0
2300344-1,de_cbble,211399940.0,128.0
2300570-0,de_overpass,3965900419.0,128.0
2300570-1,de_train,4074319541.0,128.0
2300570-2,de_cache,597569438.0,128.0
2300571-0,de_inferno,3454318515.0,128.0
2300571-1,de_cbble,211399940.0,128.0
2300584-0,de_inferno,3454318515.0,128.0
2300584-1,de_overpass,3965900419.0,128.0
2300585-0,de_cbble,211399940.0,128.0
2300585-1,de_inferno,3454318515.0,128.0
2300586-0,de_overpass,3965900419.0,128.0
2300586-1,de_cache,597569438.0,128.0
2300586-2,de_cbble,211399940.0,128.0
2300591-0,de_cache,597569438.0,128.0
2300591-1,de_train,4074319541.0,128.0
2300591-2,de_cbble,211399940.0,128.0
2300592-0,de_mirage,1450024005.0,128.0
2300592-1,de_overpass,3965900419.0,128.0
2300593-0,de_cache,597569438.0,128.0
2300593-1,de_dust2,3406488821.0,128.0
2300594-0,de_train,4074319541.0,128.0
2300594-1,de_overpass,3965900419.0,128.0
2300595-0,de_cache,597569438.0,128.0
2300595-1,de_train,4074319541.0,128.0
2300616-0,de_mirage,1450024005.0,128.0
2300616-1,de_overpass,3965900419.0,128.0
2300617-0,de_dust2,3406488821.0,128.0
2300617-1,de_inferno,3454318515.0,128.0
2300617-2,de_cbble,211399940.0,128.0
2300634-0,de_cache,597569438.0,128.0
2300634-1,de_overpass,3965900419.0,128.0
2300634-2,de_mirage,1450024005.0,128.0
2300635-0,de_overpass,3965900419.0,128.0
2300637-0,de_overpass,3965900419.0,128.0
2300637-1,de_dust2,3406488821.0,128.0
2300638-0,de_cbble,211399940.0,128.0
2300638-1,de_mirage,1450024005.0,128.0
2300638-2,de_inferno,3454318515.0,128.0
2301818-0,de_cache,1323791646.0,128.0
2301822-0,de_mirage,2966862683.0,128.0
2301823-0,de_cache,1323791646.0,128.0
2301824-0,de_train,4074319541.0,128.0
2301826-0,de_train,4074319541.0,128.0
2301827-0,de_train,4074319541.0,128.0
2301828-0,de_train,4074319541.0,128.0
2301840-0,de_cbble,211399940.0,128.0
2301841-0,de_mirage,2966862683.0,128.0
2301844-0,de_inferno,3454318515.0,128.0
2301845-0,de_dust2,3406488821.0,128.0
2301850-0,de_cache,1323791646.0,128.0
2301851-0,de_overpass,2285880676.0,128.0
2301852-0,de_dust2,3406488821.0,128.0
2301853-0,de_cbble,211399940.0,128.0
2301858-0,de_cbble,211399940.0,128.0
2301858-1,de_cache,1323791646.0,128.0
2301858-2,de_overpass,2285880676.0,128.0
2301859-0,de_mirage,2966862683.0,128.0
2301859-1,de_cbble,211399940.0,128.0
2301860-0,de_cache,1323791646.0,128.0
2301860-1,de_cbble,211399940.0,128.0
2301860-2,de_mirage,2966862683.0,128.0
2301861-1,de_inferno,3454318515.0,128.0
2301861-2,de_cbble,211399940.0,128.0
2301868-0,de_inferno,3454318515.0,128.0
2301868-1,de_mirage,2966862683.0,128.0
2301869-0,de_overpass,2285880676.0,128.0
2301869-1,de_cache,1323791646.0,128.0
2301870-0,de_cache,1323791646.0,128.0
2301870-1,de_mirage,2966862683.0,128.0
2301871-0,de_cache,1323791646.0,128.0
2301871-1,de_cbble,211399940.0,128.0
2301871-2,de_overpass,2285880676.0,128.0
2301878-0,de_inferno,3454318515.0,128.0
2301878-1,de_dust2,3406488821.0,128.0
2301879-0,de_mirage,2966862683.0,128.0
2301879-1,de_cache,1323791646.0,128.0
2301885-0,de_mirage,2966862683.0,128.0
2301885-1,de_overpass,2285880676.0,128.0
2301437-1,de_dust2,3406488821.0,128.0
2301438-0,de_mirage,2966862683.0,128.0
2301438-1,de_train,4074319541.0,128.0
2301439-0,de_cache,1323791646.0,128.0
2301439-1,de_dust2,3406488821.0,128.0
2301440-0,de_dust2,3406488821.0,128.0
2301440-1,de_cbble,211399940.0,128.0
2301440-2,de_mirage,2966862683.0,128.0
2301445-0,de_overpass,3965900419.0,128.0
2301445-1,de_train,4074319541.0,128.0
2301455-0,de_dust2,3406488821.0,128.0
2301455-1,de_train,4074319541.0,128.0
2301456-1,de_inferno,3454318515.0,128.0
2301456-2,de_mirage,2966862683.0,128.0
2301703-0,de_cbble,211399940.0,128.0
2301705-0,de_overpass,2285880676.0,128.0
2301725-0,de_dust2,3406488821.0,128.0
2301726-0,de_cbble,211399940.0,128.0
2301742-0,de_dust2,3406488821.0,128.0
2301742-2,de_cbble,211399940.0,128.0
2301751-0,de_overpass,2285880676.0,128.0
2301751-1,de_cache,1323791646.0,128.0
2301752-0,de_dust2,3406488821.0,128.0
2301762-0,de_cache,1323791646.0,128.0
2301763-1,de_dust2,3406488821.0,128.0
2303302-0,de_overpass,2285880676.0,128.0
2303303-0,de_dust2,3406488821.0,128.0
2303314-0,de_train,4074319541.0,128.0
2303315-0,de_dust2,3406488821.0,128.0
2303316-0,de_train,4074319541.0,128.0
2303317-0,de_train,4074319541.0,128.0
2303318-0,de_cbble,787242208.0,128.0
2303319-0,de_dust2,3406488821.0,128.0
2303359-0,de_cbble,787242208.0,128.0
2303360-0,de_dust2,3406488821.0,128.0
2303361-0,de_cbble,787242208.0,128.0
2303362-0,de_train,4074319541.0,128.0
2303363-0,de_cbble,787242208.0,128.0
2303364-0,de_train,4074319541.0,128.0
2303367-0,de_cbble,787242208.0,128.0
2303368-0,de_train,4074319541.0,128.0
2303370-0,de_cbble,787242208.0,128.0
2303370-1,de_mirage,1953099299.0,128.0
2303370-2,de_cache,152934076.0,128.0
2303372-0,de_overpass,2285880676.0,128.0
2303372-1,de_cache,152934076.0,128.0
2303372-2,de_mirage,1953099299.0,128.0
2303376-0,de_cbble,787242208.0,128.0
2303376-1,de_mirage,1953099299.0,128.0
2303378-0,de_cache,152934076.0,128.0
2303378-1,de_mirage,1953099299.0,128.0
2303384-0,de_overpass,2285880676.0,128.0
2303384-1,de_train,4074319541.0,128.0
2303385-0,de_mirage,1953099299.0,128.0
2303385-1,de_nuke,2437276733.0,128.0
2303386-0,de_train,4074319541.0,128.0
2303386-1,de_nuke,2437276733.0,128.0
2303386-2,de_cbble,787242208.0,128.0
2303387-0,de_train,4074319541.0,128.0
2303387-1,de_cache,152934076.0,128.0
2303389-0,de_cbble,787242208.0,128.0
2303389-1,de_nuke,2437276733.0,128.0
2303389-2,de_mirage,1953099299.0,128.0
2303393-0,de_cbble,787242208.0,128.0
2303393-1,de_cache,152934076.0,128.0
2303403-0,de_train,4074319541.0,128.0
2303403-1,de_cbble,787242208.0,128.0
2301044-0,de_cbble,211399940.0,128.0
2301045-0,de_dust2,3406488821.0,128.0
2301046-0,de_dust2,3406488821.0,128.0
2301047-0,de_inferno,3454318515.0,128.0
2301051-0,de_overpass,3965900419.0,128.0
2301053-0,de_train,4074319541.0,128.0
2301054-0,de_cache,3443643978.0,128.0
2301055-0,de_inferno,3454318515.0,128.0
2301056-0,de_cache,3443643978.0,128.0
2301064-0,de_inferno,3454318515.0,128.0
2301065-0,de_inferno,3454318515.0,128.0
2301067-0,de_mirage,2966862683.0,128.0
2301068-0,de_cache,1323791646.0,128.0
2301069-0,de_train,4074319541.0,128.0
2301070-0,de_cache,1323791646.0,128.0
2301070-1,de_overpass,3965900419.0,128.0
2301070-2,de_dust2,3406488821.0,128.0
2301085-0,de_cache,1323791646.0,128.0
2301086-1,de_cbble,211399940.0,128.0
2301086-2,de_train,4074319541.0,128.0
2301087-0,de_mirage,2966862683.0,128.0
2301087-1,de_cache,1323791646.0,128.0
2302057-0,de_mirage,2966862683.0,128.0
2302058-0,de_dust2,3406488821.0,128.0
2302059-0,de_train,4074319541.0,128.0
2302060-0,de_dust2,3406488821.0,128.0
2302061-0,de_mirage,2966862683.0,128.0
2302062-0,de_overpass,2285880676.0,128.0
2302063-0,de_train,4074319541.0,128.0
2302064-0,de_cbble,211399940.0,128.0
2302073-0,de_cbble,211399940.0,128.0
2302074-0,de_cache,1323791646.0,128.0
2302075-0,de_dust2,3406488821.0,128.0
2302076-0,de_train,4074319541.0,128.0
2302077-0,de_cache,1323791646.0,128.0
2302079-0,de_cache,1323791646.0,128.0
2302080-0,de_mirage,2966862683.0,128.0
2302091-0,de_cache,1323791646.0,128.0
2302091-1,de_inferno,3454318515.0,128.0
2302091-2,de_overpass,2285880676.0,128.0
2302093-0,de_overpass,2285880676.0,128.0
2302093-1,de_cache,1323791646.0,128.0
2302094-0,de_cache,1323791646.0,128.0
2302094-1,de_inferno,3454318515.0,128.0
2302094-2,de_train,4074319541.0,128.0
2302098-0,de_dust2,3406488821.0,128.0
2302098-1,de_inferno,3454318515.0,128.0
2302113-0,de_inferno,3454318515.0,128.0
2302113-1,de_mirage,2966862683.0,128.0
2302114-0,de_inferno,3454318515.0,128.0
2302114-1,de_mirage,2966862683.0,128.0
2302115-0,de_cache,1323791646.0,128.0
2302115-1,de_inferno,3454318515.0,128.0
2302115-2,de_mirage,2966862683.0,128.0
2302116-0,de_cache,1323791646.0,128.0
2302116-1,de_train,4074319541.0,128.0
2302127-0,de_dust2,3406488821.0,128.0
2302127-1,de_inferno,3454318515.0,128.0
2302128-0,de_cbble,211399940.0,128.0
2302128-1,de_train,4074319541.0,128.0
2302128-2,de_mirage,2966862683.0,128.0
2302129-0,de_dust2,3406488821.0,128.0
2302129-1,de_cbble,211399940.0,128.0
2303117-0,de_cbble,787242208.0,128.0
2303118-0,de_train,4074319541.0,128.0
2303119-0,de_cache,152934076.0,128.0
2303120-0,de_mirage,1953099299.0,128.0
2303122-0,de_overpass,2285880676.0,128.0
2303135-0,de_mirage,1953099299.0,128.0
2303135-1,de_cbble,787242208.0,128.0
2303138-0,de_nuke,2437276733.0,128.0
2303138-1,de_mirage,1953099299.0,128.0
2303141-0,de_cbble,787242208.0,128.0
2303141-1,de_overpass,2285880676.0,128.0
2303142-0,de_overpass,2285880676.0,128.0
2303142-1,de_cache,152934076.0,128.0
2303145-0,de_cache,152934076.0,128.0
2303145-1,de_overpass,2285880676.0,128.0
2303145-2,de_cbble,787242208.0,128.0
2303146-0,de_cache,152934076.0,128.0
2303146-1,de_mirage,1953099299.0,128.0
2303146-2,de_train,4074319541.0,128.0
2303147-0,de_cache,152934076.0,128.0
2303147-1,de_mirage,1953099299.0,128.0
2306899-0,de_mirage,1953099299.0,128.0
2306900-0,de_dust2,3406488821.0,128.0
2306901-0,de_train,4074319541.0,128.0
2306902-0,de_cbble,787242208.0,128.0
2306903-0,de_mirage,1953099299.0,128.0
2306904-0,de_cache,1903442639.0,128.0
2306905-0,de_train,4074319541.0,128.0
2306905-1,de_overpass,2285880676.0,128.0
2306905-2,de_nuke,2437276733.0,128.0
2306906-0,de_overpass,2285880676.0,128.0
2306906-1,de_dust2,3406488821.0,128.0
2306907-0,de_overpass,2285880676.0,128.0
2306907-1,de_cache,1903442639.0,128.0
2306907-2,de_mirage,1953099299.0,128.0
2306908-0,de_mirage,1953099299.0,128.0
2306908-1,de_cbble,787242208.0,128.0
2306908-2,de_dust2,3406488821.0,128.0
2306909-0,de_dust2,3406488821.0,128.0
2306909-1,de_mirage,1953099299.0,128.0
2306909-2,de_cbble,787242208.0,128.0
2306910-0,de_cbble,787242208.0,128.0
2306910-1,de_train,4074319541.0,128.0
2306910-2,de_overpass,2285880676.0,128.0
2306911-0,de_nuke,2437276733.0,128.0
2306911-1,de_cbble,787242208.0,128.0
2304732-0,de_cbble,787242208.0,128.0
2304733-0,de_train,4074319541.0,128.0
2304734-0,de_mirage,1953099299.0,128.0
2304735-0,de_dust2,3406488821.0,128.0
2304807-0,de_train,4074319541.0,128.0
2304808-0,de_cbble,787242208.0,128.0
2304808-1,de_cache,4167847735.0,128.0
2304810-0,de_train,4074319541.0,128.0
2304811-0,de_train,4074319541.0,128.0
2304811-1,de_cbble,787242208.0,128.0
2304811-2,de_mirage,1953099299.0,128.0
2304815-1,de_nuke,2437276733.0,128.0
2304815-2,de_cbble,787242208.0,128.0
2304816-0,de_mirage,1953099299.0,128.0
2304816-1,de_cbble,787242208.0,128.0
2304816-2,de_overpass,2285880676.0,128.0
2304823-0,de_nuke,2437276733.0,128.0
2304823-1,de_cache,4167847735.0,128.0
2304824-0,de_cache,4167847735.0,128.0
2304824-1,de_mirage,1953099299.0,128.0
2304824-2,de_dust2,3406488821.0,128.0
2304840-0,de_train,4074319541.0,128.0
2304840-1,de_cbble,787242208.0,128.0
2302609-0,de_inferno,3454318515.0,128.0
2302609-1,de_inferno,3454318515.0,128.0
2302610-0,de_dust2,3406488821.0,128.0
2302611-0,de_cbble,211399940.0,128.0
2302612-0,de_train,4074319541.0,128.0
2302613-0,de_train,4074319541.0,128.0
2302613-1,de_dust2,3406488821.0,128.0
2302613-2,de_overpass,2285880676.0,128.0
2302620-0,de_overpass,2285880676.0,128.0
2302620-1,de_inferno,3454318515.0,128.0
2302621-0,de_cache,2515589719.0,128.0
2302621-1,de_mirage,2494823213.0,128.0
2302622-0,de_inferno,3454318515.0,128.0
2302622-1,de_cache,2515589719.0,128.0
2302622-2,de_train,4074319541.0,128.0
2302623-0,de_overpass,2285880676.0,128.0
2302623-1,de_dust2,3406488821.0,128.0
2302623-2,de_cbble,211399940.0,128.0
2302648-0,de_overpass,2285880676.0,128.0
2302648-1,de_train,4074319541.0,128.0
2302648-2,de_cbble,211399940.0,128.0
2302648-3,de_dust2,3406488821.0,128.0
2302648-4,de_inferno,3454318515.0,128.0
2302767-0,de_dust2,3406488821.0,128.0
2302768-0,de_dust2,3406488821.0,128.0
2302769-0,de_train,4074319541.0,128.0
2302770-0,de_cache,2087624451.0,128.0
2302771-0,de_cbble,211399940.0,128.0
2302788-0,de_mirage,2494823213.0,128.0
2302789-0,de_train,4074319541.0,128.0
2302791-0,de_train,4074319541.0,128.0
2302792-0,de_train,4074319541.0,128.0
2302793-0,de_cbble,211399940.0,128.0
2302810-0,de_mirage,2494823213.0,128.0
2302810-1,de_nuke,1696063123.0,128.0
2302811-0,de_cbble,211399940.0,128.0
2302811-1,de_cache,2087624451.0,128.0
2302820-0,de_mirage,2494823213.0,128.0
2302882-0,de_cbble,211399940.0,128.0
2302883-0,de_train,4074319541.0,128.0
2302884-0,de_cache,2087624451.0,128.0
2302885-0,de_cbble,211399940.0,128.0
2302886-0,de_train,4074319541.0,128.0
2302887-0,de_dust2,3406488821.0,128.0
2302888-0,de_train,4074319541.0,128.0
2302889-0,de_nuke,1696063123.0,128.0
2302890-0,de_cbble,211399940.0,128.0
2302891-0,de_cache,2087624451.0,128.0
2302892-0,de_cbble,211399940.0,128.0
2302893-0,de_mirage,2494823213.0,128.0
2302911-0,de_cache,2087624451.0,128.0
2302911-1,de_train,4074319541.0,128.0
2302912-0,de_cbble,211399940.0,128.0
2302912-1,de_overpass,2285880676.0,128.0
2302912-2,de_train,4074319541.0,128.0
2302913-0,de_cache,2087624451.0,128.0
2302913-1,de_train,4074319541.0,128.0
2302976-0,de_cache,2087624451.0,128.0
2302977-0,de_train,4074319541.0,128.0
2302978-0,de_nuke,1696063123.0,128.0
2302979-0,de_overpass,2285880676.0,128.0
2302980-0,de_train,4074319541.0,128.0
2302981-0,de_dust2,3406488821.0,128.0
2302982-0,de_cbble,211399940.0,128.0
2302984-0,de_overpass,2285880676.0,128.0
2302986-0,de_train,4074319541.0,128.0
2302987-0,de_dust2,3406488821.0,128.0
2302988-0,de_train,4074319541.0,128.0
2303014-0,de_overpass,2285880676.0,128.0
2303014-1,de_cache,2087624451.0,128.0
2303015-0,de_train,4074319541.0,128.0
2303015-1,de_cbble,211399940.0,128.0
2303015-2,de_overpass,2285880676.0,128.0
2303027-0,de_mirage,2494823213.0,128.0
2303027-1,de_dust2,3406488821.0,128.0
2303027-2,de_overpass,2285880676.0,128.0
2303064-0,de_cache,2087624451.0,128.0
2303065-0,de_mirage,2494823213.0,128.0
2303066-0,de_cbble,211399940.0,128.0
2303067-0,de_mirage,2494823213.0,128.0
2303068-0,de_cbble,211399940.0,128.0
2303069-0,de_mirage,2494823213.0,128.0
2303070-0,de_cbble,211399940.0,128.0
2303071-0,de_train,4074319541.0,128.0
2303072-0,de_cbble,211399940.0,128.0
2303073-0,de_dust2,3406488821.0,128.0
2303074-0,de_mirage,2494823213.0,128.0
2303075-0,de_dust2,3406488821.0,128.0
2303108-0,de_cache,2087624451.0,128.0
2303108-1,de_mirage,2494823213.0,128.0
2303108-2,de_cbble,211399940.0,128.0
2303109-0,de_cache,2087624451.0,128.0
2303109-1,de_overpass,2285880676.0,128.0
2303116-0,de_cache,2087624451.0,128.0
2303116-1,de_cbble,211399940.0,128.0
2303150-0,de_train,4074319541.0,128.0
2303151-0,de_dust2,3406488821.0,128.0
2303152-0,de_train,4074319541.0,128.0
2303153-0,de_cbble,787242208.0,128.0
2303154-0,de_mirage,1953099299.0,128.0
2303155-0,de_cbble,787242208.0,128.0
2303156-0,de_cbble,787242208.0,128.0
2303157-0,de_train,4074319541.0,128.0
2303158-0,de_overpass,2285880676.0,128.0
2303159-0,de_train,4074319541.0,128.0
2303160-0,de_nuke,2437276733.0,128.0
2303161-0,de_train,4074319541.0,128.0
2303205-0,de_nuke,2437276733.0,128.0
2303205-1,de_overpass,2285880676.0,128.0
2303206-0,de_overpass,2285880676.0,128.0
2303206-1,de_cache,152934076.0,128.0
2303211-0,de_train,4074319541.0,128.0
2303211-1,de_mirage,1953099299.0,128.0
2303248-0,de_overpass,2285880676.0,128.0
2303249-0,de_cbble,787242208.0,128.0
2303250-0,de_dust2,3406488821.0,128.0
2303251-0,de_cbble,787242208.0,128.0
2303252-0,de_mirage,1953099299.0,128.0
2303254-0,de_train,4074319541.0,128.0
2303255-0,de_cbble,787242208.0,128.0
2303256-0,de_nuke,2437276733.0,128.0
2303257-0,de_train,4074319541.0,128.0
2303258-0,de_cache,152934076.0,128.0
2303259-0,de_train,4074319541.0,128.0
2303287-0,de_dust2,3406488821.0,128.0
2303287-1,de_cache,152934076.0,128.0
2303288-0,de_mirage,1953099299.0,128.0
2303288-1,de_cbble,787242208.0,128.0
2303301-0,de_train,4074319541.0,128.0
2303419-0,de_cbble,787242208.0,128.0
2303419-1,de_train,4074319541.0,128.0
2303420-0,de_dust2,3406488821.0,128.0
2303420-1,de_mirage,1953099299.0,128.0
2303421-0,de_dust2,3406488821.0,128.0
2303421-1,de_cache,152934076.0,128.0
2303421-2,de_overpass,2285880676.0,128.0
2303422-0,de_mirage,1953099299.0,128.0
2303422-1,de_cbble,787242208.0,128.0
2303422-2,de_dust2,3406488821.0,128.0
2303456-0,de_cbble,787242208.0,128.0
2303456-1,de_mirage,1953099299.0,128.0
2303461-0,de_train,4074319541.0,128.0
2303461-1,de_dust2,3406488821.0,128.0
2303461-2,de_cache,152934076.0,128.0
2303523-0,de_cbble,787242208.0,128.0
2303523-1,de_dust2,3406488821.0,128.0
2303524-0,de_overpass,2285880676.0,128.0
2303524-1,de_dust2,3406488821.0,128.0
2303525-0,de_mirage,1953099299.0,128.0
2303525-1,de_dust2,3406488821.0,128.0
2303526-0,de_dust2,3406488821.0,128.0
2303526-1,de_cbble,787242208.0,128.0
2303594-0,de_cbble,787242208.0,128.0
2303594-1,de_train,4074319541.0,128.0
2303595-0,de_train,4074319541.0,128.0
2303595-1,de_cache,4167847735.0,128.0
2303676-0,de_cbble,787242208.0,128.0
2303676-1,de_mirage,1953099299.0,128.0
2302432-0,de_train,4074319541.0,128.0
2302432-1,de_cbble,211399940.0,128.0
2302433-0,de_mirage,2494823213.0,128.0
2302433-2,de_overpass,2285880676.0,128.0
2302434-0,de_inferno,3454318515.0,128.0
2302434-1,de_mirage,2494823213.0,128.0
2302435-0,de_cbble,211399940.0,128.0
2302435-1,de_cache,1323791646.0,128.0
2302435-2,de_overpass,2285880676.0,128.0
2302436-0,de_overpass,2285880676.0,128.0
2302436-1,de_cache,1323791646.0,128.0
2302452-0,de_mirage,2494823213.0,128.0
2302452-1,de_train,4074319541.0,128.0
2302452-2,de_cbble,211399940.0,128.0
2302453-0,de_mirage,2494823213.0,128.0
2302453-1,de_cbble,211399940.0,128.0
2302454-0,de_mirage,2494823213.0,128.0
2302454-1,de_cbble,211399940.0,128.0
2302454-2,de_cache,1323791646.0,128.0
2302455-0,de_mirage,2494823213.0,128.0
2302455-1,de_inferno,3454318515.0,128.0
2302456-0,de_cbble,211399940.0,128.0
2302456-1,de_overpass,2285880676.0,128.0
2302460-0,de_dust2,3406488821.0,128.0
2302460-1,de_train,4074319541.0,128.0
2302460-5,de_mirage,2494823213.0,128.0
2302461-0,de_dust2,3406488821.0,128.0
2302461-2,de_cbble,211399940.0,128.0
2302466-0,de_cache,1323791646.0,128.0
2302466-1,de_dust2,3406488821.0,128.0
2302466-2,de_mirage,2494823213.0,128.0
2302466-3,de_cbble,211399940.0,128.0
2308756-0,de_inferno,1966908865.0,128.0
2308756-1,de_cbble,2718369684.0,128.0
2308757-0,de_overpass,1151705951.0,128.0
2308757-1,de_nuke,1085448152.0,128.0
2308758-0,de_mirage,2683197182.0,128.0
2308758-1,de_overpass,1151705951.0,128.0
2308759-0,de_train,2834104219.0,128.0
2308759-1,de_mirage,2683197182.0,128.0
2308759-2,de_cbble,988540422.0,128.0
2308760-0,de_train,2834104219.0,128.0
2308760-3,de_cbble,988540422.0,128.0
2308761-0,de_cache,1060854352.0,128.0
2308761-1,de_mirage,2683197182.0,128.0
2308867-0,de_cache,1060854352.0,128.0
2308867-3,de_cbble,988540422.0,128.0
2308867-4,de_mirage,2683197182.0,128.0
2308876-0,de_train,2834104219.0,128.0
2308876-1,de_cache,1060854352.0,128.0
2308877-0,de_cache,1060854352.0,128.0
2308877-1,de_nuke,679560331.0,128.0
2308878-0,de_mirage,2683197182.0,128.0
2308878-1,de_cache,1060854352.0,128.0
2302681-0,de_cache,2515589719.0,128.0
2302681-1,de_overpass,2285880676.0,128.0
2302682-0,de_mirage,2494823213.0,128.0
2302682-1,de_cache,2515589719.0,128.0
2302682-2,de_cbble,211399940.0,128.0
2302683-1,de_cache,2515589719.0,128.0
2302684-0,de_cbble,211399940.0,128.0
2302684-1,de_inferno,3454318515.0,128.0
2302685-0,de_overpass,2285880676.0,128.0
2302685-1,de_mirage,2494823213.0,128.0
2302685-2,de_train,4074319541.0,128.0
2302705-0,de_mirage,2494823213.0,128.0
2302705-1,de_cache,2087624451.0,128.0
2302707-0,de_train,4074319541.0,128.0
2302707-1,de_overpass,2285880676.0,128.0
2302707-2,de_cbble,211399940.0,128.0
2302708-0,de_train,4074319541.0,128.0
2302708-1,de_cache,2087624451.0,128.0
2302719-0,de_mirage,2494823213.0,128.0
2302719-1,de_cbble,211399940.0,128.0
2302719-2,de_overpass,2285880676.0,128.0
2302722-0,de_overpass,2285880676.0,128.0
2302722-1,de_mirage,2494823213.0,128.0
2302723-0,de_mirage,2494823213.0,128.0
2302723-1,de_dust2,3406488821.0,128.0
2302726-0,de_cbble,211399940.0,128.0
2302726-1,de_mirage,2494823213.0,128.0
2302744-0,de_overpass,2285880676.0,128.0
2302744-1,de_cbble,211399940.0,128.0
2302745-0,de_inferno,3454318515.0,128.0
2302745-1,de_train,4074319541.0,128.0
2302745-2,de_cbble,211399940.0,128.0
2305135-0,de_cbble,787242208.0,128.0
2305136-0,de_dust2,3406488821.0,128.0
2305137-0,de_train,4074319541.0,128.0
2305138-0,de_mirage,1953099299.0,128.0
2305192-0,de_train,4074319541.0,128.0
2305193-0,de_train,4074319541.0,128.0
2305194-0,de_train,4074319541.0,128.0
2305195-0,de_overpass,2285880676.0,128.0
2305196-0,de_mirage,1953099299.0,128.0
2305220-0,de_cache,2444520841.0,128.0
2305221-0,de_dust2,3406488821.0,128.0
2305222-0,de_mirage,1953099299.0,128.0
2305223-0,de_overpass,2285880676.0,128.0
2305224-0,de_dust2,3406488821.0,128.0
2305225-0,de_train,4074319541.0,128.0
2305226-0,de_dust2,3406488821.0,128.0
2305232-0,de_mirage,1953099299.0,128.0
2305232-2,de_overpass,2285880676.0,128.0
2305232-3,de_nuke,2437276733.0,128.0
2305233-0,de_cbble,787242208.0,128.0
2305233-1,de_train,4074319541.0,128.0
2305233-2,de_dust2,3406488821.0,128.0
2305234-0,de_cbble,787242208.0,128.0
2305234-1,de_train,4074319541.0,128.0
2305234-2,de_mirage,1953099299.0,128.0
2305260-0,de_cbble,787242208.0,128.0
2303182-0,de_train,4074319541.0,128.0
2303183-0,de_cbble,787242208.0,128.0
2303184-0,de_cbble,787242208.0,128.0
2303185-0,de_dust2,3406488821.0,128.0
2303209-0,de_train,4074319541.0,128.0
2303210-0,de_cbble,787242208.0,128.0
2303212-0,de_cache,152934076.0,128.0
2303212-1,de_dust2,3406488821.0,128.0
2303216-0,de_cbble,787242208.0,128.0
2303216-1,de_dust2,3406488821.0,128.0
2303216-2,de_nuke,2437276733.0,128.0
2303218-0,de_dust2,3406488821.0,128.0
2303218-1,de_overpass,2285880676.0,128.0
2303219-0,de_cache,152934076.0,128.0
2303219-1,de_train,4074319541.0,128.0
2303223-0,de_overpass,2285880676.0,128.0
2303223-1,de_dust2,3406488821.0,128.0
2303224-0,de_overpass,2285880676.0,128.0
2303224-1,de_cbble,787242208.0,128.0
2303225-0,de_dust2,3406488821.0,128.0
2303225-1,de_overpass,2285880676.0,128.0
2303001-0,de_mirage,2494823213.0,128.0
2303002-0,de_cbble,211399940.0,128.0
2303003-0,de_cbble,211399940.0,128.0
2303004-0,de_dust2,3406488821.0,128.0
2303005-0,de_dust2,3406488821.0,128.0
2303006-0,de_cbble,211399940.0,128.0
2303007-0,de_mirage,2494823213.0,128.0
2303008-0,de_cache,2087624451.0,128.0
2303019-0,de_train,4074319541.0,128.0
2303020-0,de_cbble,211399940.0,128.0
2303021-0,de_cache,2087624451.0,128.0
2303022-0,de_nuke,1696063123.0,128.0
2303023-0,de_dust2,3406488821.0,128.0
2303025-0,de_mirage,2494823213.0,128.0
2303026-0,de_cbble,211399940.0,128.0
2303028-0,de_cbble,211399940.0,128.0
2303029-0,de_mirage,2494823213.0,128.0
2303030-0,de_nuke,1696063123.0,128.0
2303031-0,de_train,4074319541.0,128.0
2303032-0,de_cache,2087624451.0,128.0
2303033-0,de_cbble,211399940.0,128.0
2303034-0,de_dust2,3406488821.0,128.0
2303035-0,de_train,4074319541.0,128.0
2303037-0,de_mirage,2494823213.0,128.0
2303038-0,de_dust2,3406488821.0,128.0
2303039-0,de_train,4074319541.0,128.0
2303040-0,de_cache,2087624451.0,128.0
2303041-0,de_cbble,211399940.0,128.0
2303042-0,de_train,4074319541.0,128.0
2303043-0,de_overpass,2285880676.0,128.0
2303044-0,de_cbble,211399940.0,128.0
2303045-0,de_cache,2087624451.0,128.0
2306657-0,de_nuke,2437276733.0,128.0
2306658-0,de_mirage,1953099299.0,128.0
2306659-0,de_nuke,2437276733.0,128.0
2306660-0,de_overpass,2285880676.0,128.0
2306661-0,de_cbble,787242208.0,128.0
2306662-0,de_train,4074319541.0,128.0
2306663-0,de_train,4074319541.0,128.0
2306664-0,de_overpass,2285880676.0,128.0
2306665-0,de_cache,1903442639.0,128.0
2306666-0,de_overpass,2285880676.0,128.0
2306667-0,de_mirage,1953099299.0,128.0
2306668-0,de_dust2,3406488821.0,128.0
2306669-0,de_mirage,1953099299.0,128.0
2306670-0,de_mirage,1953099299.0,128.0
2306673-0,de_mirage,1953099299.0,128.0
2306674-0,de_overpass,2285880676.0,128.0
2306675-0,de_train,4074319541.0,128.0
2306676-0,de_train,4074319541.0,128.0
2306677-0,de_dust2,3406488821.0,128.0
2306678-0,de_overpass,2285880676.0,128.0
2306679-0,de_cbble,787242208.0,128.0
2306680-0,de_dust2,3406488821.0,128.0
2306681-0,de_nuke,2437276733.0,128.0
2306682-0,de_cbble,787242208.0,128.0
2306683-0,de_nuke,2437276733.0,128.0
2306684-0,de_cbble,787242208.0,128.0
2306685-0,de_train,4074319541.0,128.0
2306686-0,de_mirage,1953099299.0,128.0
2306714-0,de_nuke,2437276733.0,128.0
2306714-1,de_train,4074319541.0,128.0
2306714-2,de_dust2,3406488821.0,128.0
2306715-0,de_dust2,3406488821.0,128.0
2306715-1,de_cbble,787242208.0,128.0
2306716-0,de_train,4074319541.0,128.0
2306716-1,de_mirage,1953099299.0,128.0
2306717-0,de_nuke,2437276733.0,128.0
2306717-1,de_train,4074319541.0,128.0
2306717-2,de_overpass,2285880676.0,128.0
2306718-0,de_train,4074319541.0,128.0
2306718-1,de_cache,1903442639.0,128.0
2306718-2,de_cbble,787242208.0,128.0
2304191-1,de_dust2,3406488821.0,128.0
2304192-0,de_mirage,1953099299.0,128.0
2304194-0,de_cbble,787242208.0,128.0
2304401-0,de_cbble,787242208.0,128.0
2304401-1,de_mirage,1953099299.0,128.0
2304401-2,de_train,4074319541.0,128.0
2304406-0,de_cbble,787242208.0,128.0
2304407-0,de_cache,4167847735.0,128.0
2304407-1,de_cbble,787242208.0,128.0
2304442-0,de_mirage,1953099299.0,128.0
2304442-1,de_cache,4167847735.0,128.0
2304443-1,de_cbble,787242208.0,128.0
2304443-2,de_nuke,2437276733.0,128.0
2304444-1,de_train,4074319541.0,128.0
2304445-2,de_mirage,1953099299.0,128.0
2304446-1,de_mirage,1953099299.0,128.0
2304447-1,de_train,4074319541.0,128.0
2304447-2,de_mirage,1953099299.0,128.0
2304448-0,de_train,4074319541.0,128.0
2304448-1,de_nuke,2437276733.0,128.0
2304448-2,de_cache,4167847735.0,128.0
2304477-0,de_overpass,2285880676.0,128.0
2304477-1,de_nuke,2437276733.0,128.0
2304478-0,de_cbble,787242208.0,128.0
2304478-1,de_train,4074319541.0,128.0
2304478-2,de_overpass,2285880676.0,128.0
2306576-0,de_cache,1903442639.0,128.0
2306577-0,de_nuke,2437276733.0,128.0
2306578-0,de_cbble,787242208.0,128.0
2306587-0,de_cache,1903442639.0,128.0
2306590-0,de_nuke,2437276733.0,128.0
2306595-0,de_train,4074319541.0,128.0
2306595-1,de_cache,1903442639.0,128.0
2306595-2,de_nuke,2437276733.0,128.0
2306605-0,de_overpass,2285880676.0,128.0
2306606-0,de_cache,1903442639.0,128.0
2306606-2,de_cbble,787242208.0,128.0
2306620-0,de_cbble,787242208.0,128.0
2306075-0,de_train,4074319541.0,128.0
2306076-0,de_cbble,787242208.0,128.0
2306077-0,de_mirage,1953099299.0,128.0
2306078-0,de_dust2,3406488821.0,128.0
2306079-0,de_mirage,1953099299.0,128.0
2306080-0,de_cbble,787242208.0,128.0
2306081-0,de_cache,1903442639.0,128.0
2306082-0,de_nuke,2437276733.0,128.0
2306083-0,de_cbble,787242208.0,128.0
2306084-0,de_dust2,3406488821.0,128.0
2306086-0,de_overpass,2285880676.0,128.0
2306087-0,de_cache,2444520841.0,128.0
2306088-0,de_mirage,1953099299.0,128.0
2306089-0,de_dust2,3406488821.0,128.0
2306090-0,de_mirage,1953099299.0,128.0
2306091-0,de_cbble,787242208.0,128.0
2306092-0,de_mirage,1953099299.0,128.0
2306093-0,de_cache,2444520841.0,128.0
2306094-0,de_dust2,3406488821.0,128.0
2306095-0,de_cbble,787242208.0,128.0
2306096-0,de_dust2,3406488821.0,128.0
2306097-0,de_cbble,787242208.0,128.0
2306098-0,de_mirage,1953099299.0,128.0
2306099-0,de_overpass,2285880676.0,128.0
2306237-0,de_nuke,2437276733.0,128.0
2306238-0,de_dust2,3406488821.0,128.0
2306238-1,de_cbble,787242208.0,128.0
2306239-1,de_overpass,2285880676.0,128.0
2306239-2,de_cbble,787242208.0,128.0
2306240-0,de_cbble,787242208.0,128.0
2306240-1,de_mirage,1953099299.0,128.0
2306241-0,de_overpass,2285880676.0,128.0
2306241-1,de_mirage,1953099299.0,128.0
2306241-2,de_dust2,3406488821.0,128.0
2303745-2,de_mirage,1953099299.0,128.0
2303747-0,de_dust2,3406488821.0,128.0
2303750-0,de_train,4074319541.0,128.0
2303752-1,de_nuke,2437276733.0,128.0
2303551-0,de_mirage,1953099299.0,128.0
2303553-0,de_overpass,2285880676.0,128.0
2303554-0,de_cache,4167847735.0,128.0
2303556-0,de_cache,4167847735.0,128.0
2303557-0,de_overpass,2285880676.0,128.0
2303558-0,de_dust2,3406488821.0,128.0
2303559-0,de_mirage,1953099299.0,128.0
2303560-0,de_mirage,1953099299.0,128.0
2303561-0,de_cbble,787242208.0,128.0
2303562-0,de_cache,4167847735.0,128.0
2303565-1,de_train,4074319541.0,128.0
2303566-0,de_cache,4167847735.0,128.0
2303566-1,de_overpass,2285880676.0,128.0
2303566-2,de_nuke,2437276733.0,128.0
2303581-0,de_train,4074319541.0,128.0
2303581-1,de_dust2,3406488821.0,128.0
2303581-2,de_cbble,787242208.0,128.0
2303582-0,de_cache,4167847735.0,128.0
2303582-1,de_dust2,3406488821.0,128.0
2304515-0,de_cache,4167847735.0,128.0
2304517-0,de_train,4074319541.0,128.0
2304519-0,de_train,4074319541.0,128.0
2304520-0,de_mirage,1953099299.0,128.0
2304521-0,de_train,4074319541.0,128.0
2304522-0,de_cbble,787242208.0,128.0
2304523-0,de_cbble,787242208.0,128.0
2304558-0,de_nuke,2437276733.0,128.0
2304559-0,de_overpass,2285880676.0,128.0
2304560-0,de_mirage,1953099299.0,128.0
2304561-0,de_dust2,3406488821.0,128.0
2304564-0,de_dust2,3406488821.0,128.0
2304567-0,de_mirage,1953099299.0,128.0
2304568-0,de_cbble,787242208.0,128.0
2304569-0,de_mirage,1953099299.0,128.0
2304574-0,de_dust2,3406488821.0,128.0
2304574-1,de_overpass,2285880676.0,128.0
2304575-0,de_train,4074319541.0,128.0
2304575-1,de_nuke,2437276733.0,128.0
2304575-2,de_cache,4167847735.0,128.0
2304576-0,de_train,4074319541.0,128.0
2304576-1,de_overpass,2285880676.0,128.0
2304576-2,de_mirage,1953099299.0,128.0
2304577-0,de_dust2,3406488821.0,128.0
2304577-1,de_cache,4167847735.0,128.0
2304627-0,de_overpass,2285880676.0,128.0
2304627-1,de_train,4074319541.0,128.0
2304627-2,de_mirage,1953099299.0,128.0
2304628-0,de_cache,4167847735.0,128.0
2304628-1,de_dust2,3406488821.0,128.0
2304628-2,de_overpass,2285880676.0,128.0
2304629-0,de_dust2,3406488821.0,128.0
2304629-1,de_cbble,787242208.0,128.0
2304630-0,de_cbble,787242208.0,128.0
2304630-1,de_nuke,2437276733.0,128.0
2304630-2,de_mirage,1953099299.0,128.0
2304674-0,de_dust2,3406488821.0,128.0
2304674-1,de_cbble,787242208.0,128.0
2304675-0,de_cbble,787242208.0,128.0
2304676-0,de_cache,4167847735.0,128.0
2306110-0,de_cbble,787242208.0,128.0
2306113-0,de_cbble,787242208.0,128.0
2306190-1,de_cache,1903442639.0,128.0
2306193-1,de_train,4074319541.0,128.0
2306193-2,de_cache,1903442639.0,128.0
2306196-0,de_mirage,1953099299.0,128.0
2306196-1,de_cbble,787242208.0,128.0
2306197-0,de_mirage,1953099299.0,128.0
2306202-0,de_mirage,1953099299.0,128.0
2306206-0,de_overpass,2285880676.0,128.0
2306206-1,de_dust2,3406488821.0,128.0
2306208-0,de_cbble,787242208.0,128.0
2306208-1,de_cache,1903442639.0,128.0
2306208-2,de_dust2,3406488821.0,128.0
2306209-0,de_dust2,3406488821.0,128.0
2306214-0,de_dust2,3406488821.0,128.0
2306214-1,de_mirage,1953099299.0,128.0
2306214-2,de_cbble,787242208.0,128.0
2306215-0,de_cbble,787242208.0,128.0
2306216-0,de_cache,1903442639.0,128.0
2306217-0,de_nuke,2437276733.0,128.0
2306217-1,de_dust2,3406488821.0,128.0
2306225-0,de_train,4074319541.0,128.0
2306225-1,de_cbble,787242208.0,128.0
2306225-2,de_mirage,1953099299.0,128.0
2306226-0,de_cbble,787242208.0,128.0
2306226-1,de_nuke,2437276733.0,128.0
2306227-0,de_cbble,787242208.0,128.0
2306227-1,de_train,4074319541.0,128.0
2306227-2,de_mirage,1953099299.0,128.0
2306228-0,de_dust2,3406488821.0,128.0
2306228-1,de_cbble,787242208.0,128.0
2306251-0,de_dust2,3406488821.0,128.0
2306251-1,de_cbble,787242208.0,128.0
2306253-0,de_cbble,787242208.0,128.0
2306253-1,de_cache,1903442639.0,128.0
2306255-0,de_train,4074319541.0,128.0
2306255-1,de_cbble,787242208.0,128.0
2306255-2,de_dust2,3406488821.0,128.0
2306257-0,de_cache,1903442639.0,128.0
2306257-1,de_overpass,2285880676.0,128.0
2306268-0,de_dust2,3406488821.0,128.0
2306268-1,de_cbble,787242208.0,128.0
2306268-2,de_cache,1903442639.0,128.0
2304252-0,de_nuke,2437276733.0,128.0
2304253-0,de_dust2,3406488821.0,128.0
2304254-0,de_cache,4167847735.0,128.0
2304255-0,de_mirage,1953099299.0,128.0
2304288-0,de_cache,4167847735.0,128.0
2304289-0,de_cache,4167847735.0,128.0
2304290-0,de_train,4074319541.0,128.0
2304291-0,de_cache,4167847735.0,128.0
2304292-0,de_cache,4167847735.0,128.0
2304293-0,de_train,4074319541.0,128.0
2304294-0,de_cbble,787242208.0,128.0
2304294-1,de_dust2,3406488821.0,128.0
2304294-2,de_overpass,2285880676.0,128.0
2304295-0,de_mirage,1953099299.0,128.0
2304295-1,de_dust2,3406488821.0,128.0
2304296-0,de_cbble,787242208.0,128.0
2307057-0,de_mirage,1953099299.0,128.0
2307058-0,de_dust2,1954603074.0,128.0
2307059-0,de_overpass,2285880676.0,128.0
2307061-0,de_nuke,2437276733.0,128.0
2307062-0,de_dust2,1954603074.0,128.0
2307062-1,de_overpass,2285880676.0,128.0
2307062-2,de_cache,1903442639.0,128.0
2307063-0,de_cache,1903442639.0,128.0
2307063-1,de_train,487988445.0,128.0
2307064-0,de_train,487988445.0,128.0
2307064-1,de_nuke,2437276733.0,128.0
2307064-2,de_cache,1903442639.0,128.0
2307065-0,de_cache,1903442639.0,128.0
2307065-1,de_mirage,1953099299.0,128.0
2307065-2,de_overpass,2285880676.0,128.0
2307141-0,de_overpass,2285880676.0,128.0
2307141-1,de_nuke,2437276733.0,128.0
2307142-0,de_cache,1903442639.0,128.0
2307142-1,de_overpass,2285880676.0,128.0
2307143-0,de_overpass,2285880676.0,128.0
2307143-1,de_train,487988445.0,128.0
2305874-0,de_mirage,1953099299.0,128.0
2305875-0,de_train,4074319541.0,128.0
2305876-0,de_nuke,2437276733.0,128.0
2305878-0,de_train,4074319541.0,128.0
2305879-0,de_nuke,2437276733.0,128.0
2305880-0,de_cache,1903442639.0,128.0
2305881-0,de_cbble,787242208.0,128.0
2306020-0,de_dust2,3406488821.0,128.0
2306021-0,de_mirage,1953099299.0,128.0
2306021-1,de_train,4074319541.0,128.0
2306021-2,de_overpass,2285880676.0,128.0
2306022-1,de_train,4074319541.0,128.0
2306022-2,de_overpass,2285880676.0,128.0
2306290-0,de_cbble,787242208.0,128.0
2306291-0,de_nuke,2437276733.0,128.0
2306291-1,de_dust2,3406488821.0,128.0
2306292-0,de_nuke,2437276733.0,128.0
2306292-1,de_train,4074319541.0,128.0
2306293-0,de_overpass,2285880676.0,128.0
2306294-0,de_cbble,787242208.0,128.0
2306294-1,de_overpass,2285880676.0,128.0
2306295-0,de_dust2,3406488821.0,128.0
2306295-1,de_train,4074319541.0,128.0
2306296-0,de_overpass,2285880676.0,128.0
2306297-0,de_overpass,2285880676.0,128.0
2306297-1,de_dust2,3406488821.0,128.0
2306297-2,de_cbble,787242208.0,128.0
2306298-0,de_cbble,787242208.0,128.0
2306298-1,de_dust2,3406488821.0,128.0
2306820-0,de_dust2,1954603074.0,128.0
2306820-1,de_mirage,1953099299.0,128.0
2306820-2,de_overpass,2285880676.0,128.0
2306821-0,de_cbble,787242208.0,128.0
2306821-1,de_train,487988445.0,128.0
2306821-2,de_overpass,2285880676.0,128.0
2306822-0,de_train,487988445.0,128.0
2306822-1,de_cache,1903442639.0,128.0
2306823-0,de_nuke,2437276733.0,128.0
2306823-1,de_overpass,2285880676.0,128.0
2306823-2,de_cache,1903442639.0,128.0
2307008-1,de_train,487988445.0,128.0
2307009-0,de_train,487988445.0,128.0
2307009-1,de_overpass,2285880676.0,128.0
2307010-0,de_train,487988445.0,128.0
2307010-1,de_cbble,787242208.0,128.0
2307010-2,de_overpass,2285880676.0,128.0
2305787-0,de_mirage,1953099299.0,128.0
2305789-0,de_mirage,1953099299.0,128.0
2305790-0,de_nuke,2437276733.0,128.0
2305791-0,de_cache,2444520841.0,128.0
2305792-0,de_overpass,2285880676.0,128.0
2305793-0,de_cbble,787242208.0,128.0
2305794-0,de_cache,2444520841.0,128.0
2305795-0,de_cbble,787242208.0,128.0
2305796-0,de_nuke,2437276733.0,128.0
2305797-0,de_cbble,787242208.0,128.0
2305798-0,de_nuke,2437276733.0,128.0
2305799-0,de_train,4074319541.0,128.0
2305801-0,de_train,4074319541.0,128.0
2305802-0,de_mirage,1953099299.0,128.0
2305803-0,de_dust2,3406488821.0,128.0
2305804-0,de_overpass,2285880676.0,128.0
2305805-0,de_overpass,2285880676.0,128.0
2305806-0,de_cbble,787242208.0,128.0
2305807-0,de_nuke,2437276733.0,128.0
2305808-0,de_overpass,2285880676.0,128.0
2305810-0,de_mirage,1953099299.0,128.0
2305973-0,de_dust2,3406488821.0,128.0
2305973-1,de_cbble,787242208.0,128.0
2305974-0,de_train,4074319541.0,128.0
2305974-1,de_cbble,787242208.0,128.0
2305974-2,de_mirage,1953099299.0,128.0
2305975-0,de_train,4074319541.0,128.0
2305975-1,de_nuke,2437276733.0,128.0
2305975-2,de_cbble,787242208.0,128.0
2305976-0,de_cbble,787242208.0,128.0
2305976-1,de_overpass,2285880676.0,128.0
2305976-2,de_nuke,2437276733.0,128.0
2305977-0,de_nuke,2437276733.0,128.0
2305977-1,de_cbble,787242208.0,128.0
2305977-2,de_mirage,1953099299.0,128.0
2304945-0,de_dust2,3406488821.0,128.0
2304946-0,de_train,4074319541.0,128.0
2304947-0,de_mirage,1953099299.0,128.0
2304948-0,de_mirage,1953099299.0,128.0
2304949-0,de_train,4074319541.0,128.0
2304950-0,de_mirage,1953099299.0,128.0
2304951-0,de_cache,2444520841.0,128.0
2304984-0,de_cache,2444520841.0,128.0
2304985-0,de_cbble,787242208.0,128.0
2304987-0,de_mirage,1953099299.0,128.0
2304988-0,de_overpass,2285880676.0,128.0
2304989-0,de_dust2,3406488821.0,128.0
2304990-0,de_train,4074319541.0,128.0
2304991-0,de_cbble,787242208.0,128.0
2304992-0,de_train,4074319541.0,128.0
2304992-1,de_cbble,787242208.0,128.0
2304993-0,de_train,4074319541.0,128.0
2304993-1,de_mirage,1953099299.0,128.0
2304994-1,de_train,4074319541.0,128.0
2304995-0,de_dust2,3406488821.0,128.0
2304995-1,de_mirage,1953099299.0,128.0
2305017-0,de_cache,2444520841.0,128.0
2305017-1,de_overpass,2285880676.0,128.0
2305018-0,de_nuke,2437276733.0,128.0
2305018-1,de_dust2,3406488821.0,128.0
2305019-0,de_cbble,787242208.0,128.0
2305019-1,de_mirage,1953099299.0,128.0
2305020-0,de_cbble,787242208.0,128.0
2305020-1,de_dust2,3406488821.0,128.0
2305078-0,de_train,4074319541.0,128.0
2305078-1,de_mirage,1953099299.0,128.0
2305079-0,de_cache,2444520841.0,128.0
2305079-1,de_overpass,2285880676.0,128.0
2305080-0,de_train,4074319541.0,128.0
2305080-1,de_dust2,3406488821.0,128.0
2305080-2,de_cbble,787242208.0,128.0
2306391-0,de_overpass,2285880676.0,128.0
2306392-2,de_mirage,1953099299.0,128.0
2306409-0,de_overpass,2285880676.0,128.0
2306416-0,de_cbble,787242208.0,128.0
2306423-0,de_cache,1903442639.0,128.0
2306423-1,de_cbble,787242208.0,128.0
2306423-2,de_overpass,2285880676.0,128.0
2306424-0,de_cache,1903442639.0,128.0
2306424-1,de_cbble,787242208.0,128.0
2306434-0,de_cache,1903442639.0,128.0
2306434-1,de_mirage,1953099299.0,128.0
2306435-0,de_cbble,787242208.0,128.0
2306435-1,de_mirage,1953099299.0,128.0
2306436-0,de_dust2,3406488821.0,128.0
2306436-1,de_train,4074319541.0,128.0
2306442-0,de_mirage,1953099299.0,128.0
2306442-1,de_cache,1903442639.0,128.0
2306442-2,de_train,4074319541.0,128.0
2306449-0,de_mirage,1953099299.0,128.0
2306449-1,de_cache,1903442639.0,128.0
2306450-0,de_cbble,787242208.0,128.0
2306450-1,de_dust2,3406488821.0,128.0
2304954-0,de_mirage,1953099299.0,128.0
2304954-1,de_cbble,787242208.0,128.0
2304954-2,de_cache,2444520841.0,128.0
2304954-3,de_nuke,2437276733.0,128.0
2304955-1,de_mirage,1953099299.0,128.0
2304955-2,de_dust2,3406488821.0,128.0
2304955-3,de_overpass,2285880676.0,128.0
2304956-0,de_cache,2444520841.0,128.0
2304956-1,de_cbble,787242208.0,128.0
2304956-2,de_dust2,3406488821.0,128.0
2306612-0,de_dust2,3406488821.0,128.0
2307321-0,de_cbble,787242208.0,128.0
2307322-0,de_cache,3259980128.0,128.0
2307323-0,de_mirage,2683197182.0,128.0
2307324-0,de_cbble,787242208.0,128.0
2307325-0,de_cbble,787242208.0,128.0
2307326-0,de_cache,3259980128.0,128.0
2307327-0,de_train,487988445.0,128.0
2307328-0,de_nuke,198936178.0,128.0
2307517-0,de_cache,3259980128.0,128.0
2307518-0,de_cbble,787242208.0,128.0
2307519-0,de_mirage,2683197182.0,128.0
2307520-0,de_overpass,2285880676.0,128.0
2307521-0,de_cbble,787242208.0,128.0
2307522-0,de_train,487988445.0,128.0
2307523-0,de_overpass,2285880676.0,128.0
2307524-0,de_nuke,198936178.0,128.0
2307525-0,de_dust2,1954603074.0,128.0
2307526-0,de_cache,3259980128.0,128.0
2307527-0,de_mirage,2683197182.0,128.0
2307528-0,de_train,487988445.0,128.0
2307529-0,de_train,487988445.0,128.0
2307530-0,de_dust2,1954603074.0,128.0
2307531-0,de_nuke,198936178.0,128.0
2307532-0,de_train,487988445.0,128.0
2307533-0,de_overpass,2285880676.0,128.0
2307534-0,de_cbble,787242208.0,128.0
2307536-0,de_cache,3259980128.0,128.0
2307537-0,de_dust2,1954603074.0,128.0
2307538-0,de_overpass,2285880676.0,128.0
2307539-0,de_overpass,2285880676.0,128.0
2307540-0,de_nuke,198936178.0,128.0
2307542-0,de_overpass,2285880676.0,128.0
2307542-1,de_mirage,2683197182.0,128.0
2307542-2,de_dust2,1954603074.0,128.0
2307543-0,de_cache,3259980128.0,128.0
2307543-1,de_overpass,2285880676.0,128.0
2307543-2,de_dust2,1954603074.0,128.0
2307544-0,de_overpass,2285880676.0,128.0
2307544-1,de_cache,3259980128.0,128.0
2307544-2,de_cbble,787242208.0,128.0
2307545-0,de_mirage,2683197182.0,128.0
2307545-1,de_train,487988445.0,128.0
2307545-2,de_overpass,2285880676.0,128.0
2307546-0,de_cache,3259980128.0,128.0
2307546-1,de_nuke,198936178.0,128.0
2307547-0,de_train,487988445.0,128.0
2307547-1,de_cbble,787242208.0,128.0
2307548-0,de_nuke,198936178.0,128.0
2307548-1,de_overpass,2285880676.0,128.0
2307548-2,de_train,487988445.0,128.0
2307144-0,de_mirage,1953099299.0,128.0
2307145-0,de_cbble,787242208.0,128.0
2307146-0,de_mirage,1953099299.0,128.0
2307147-0,de_mirage,1953099299.0,128.0
2307148-0,de_dust2,1954603074.0,128.0
2307149-0,de_overpass,2285880676.0,128.0
2307150-0,de_train,487988445.0,128.0
2307151-0,de_overpass,2285880676.0,128.0
2307190-0,de_dust2,1954603074.0,128.0
2307191-0,de_dust2,1954603074.0,128.0
2307192-0,de_overpass,2285880676.0,128.0
2307193-0,de_dust2,1954603074.0,128.0
2307194-0,de_cache,1903442639.0,128.0
2307195-0,de_mirage,1953099299.0,128.0
2307196-0,de_mirage,1953099299.0,128.0
2307197-0,de_overpass,2285880676.0,128.0
2307198-0,de_dust2,1954603074.0,128.0
2307199-0,de_train,487988445.0,128.0
2307200-0,de_train,487988445.0,128.0
2307201-0,de_mirage,1953099299.0,128.0
2307202-0,de_overpass,2285880676.0,128.0
2307203-0,de_mirage,1953099299.0,128.0
2307204-0,de_dust2,1954603074.0,128.0
2307205-0,de_mirage,1953099299.0,128.0
2307206-0,de_train,487988445.0,128.0
2307207-0,de_nuke,149708965.0,128.0
2307208-0,de_dust2,1954603074.0,128.0
2307210-0,de_overpass,2285880676.0,128.0
2307211-0,de_cache,1903442639.0,128.0
2307212-0,de_dust2,1954603074.0,128.0
2307213-0,de_cache,1903442639.0,128.0
2307214-0,de_overpass,2285880676.0,128.0
2305438-0,de_mirage,1953099299.0,128.0
2305441-0,de_cache,2444520841.0,128.0
2305443-0,de_mirage,1953099299.0,128.0
2305452-0,de_overpass,2285880676.0,128.0
2305461-0,de_dust2,3406488821.0,128.0
2305534-0,de_mirage,1953099299.0,128.0
2305536-0,de_overpass,2285880676.0,128.0
2305537-1,de_train,4074319541.0,128.0
2305545-1,de_mirage,1953099299.0,128.0
2305554-1,de_cbble,787242208.0,128.0
2305555-0,de_mirage,1953099299.0,128.0
2305555-1,de_cache,2444520841.0,128.0
2305555-2,de_train,4074319541.0,128.0
2305726-0,de_dust2,3406488821.0,128.0
2305727-0,de_train,4074319541.0,128.0
2305728-0,de_cache,2444520841.0,128.0
2305729-0,de_cbble,787242208.0,128.0
2305730-0,de_mirage,1953099299.0,128.0
2305766-0,de_overpass,2285880676.0,128.0
2305767-0,de_mirage,1953099299.0,128.0
2305768-0,de_nuke,2437276733.0,128.0
2305769-0,de_train,4074319541.0,128.0
2305770-0,de_cbble,787242208.0,128.0
2305820-0,de_overpass,2285880676.0,128.0
2305821-0,de_nuke,2437276733.0,128.0
2305822-0,de_train,4074319541.0,128.0
2305824-0,de_dust2,3406488821.0,128.0
2305825-0,de_cache,2444520841.0,128.0
2305904-0,de_dust2,3406488821.0,128.0
2305905-0,de_cache,2444520841.0,128.0
2305906-0,de_cbble,787242208.0,128.0
2305907-0,de_mirage,1953099299.0,128.0
2305908-0,de_overpass,2285880676.0,128.0
2305933-0,de_overpass,2285880676.0,128.0
2305934-0,de_nuke,2437276733.0,128.0
2305935-0,de_cache,2444520841.0,128.0
2305937-0,de_mirage,1953099299.0,128.0
2305941-0,de_train,4074319541.0,128.0
2305942-0,de_cache,2444520841.0,128.0
2305943-0,de_cbble,787242208.0,128.0
2305944-0,de_dust2,3406488821.0,128.0
2305945-0,de_mirage,1953099299.0,128.0
2305963-0,de_mirage,1953099299.0,128.0
2305967-0,de_dust2,3406488821.0,128.0
2305968-0,de_cache,2444520841.0,128.0
2305970-0,de_train,4074319541.0,128.0
2306054-0,de_overpass,2285880676.0,128.0
2306058-0,de_train,4074319541.0,128.0
2306058-1,de_cbble,787242208.0,128.0
2306059-0,de_dust2,3406488821.0,128.0
2306059-1,de_train,4074319541.0,128.0
2306060-1,de_overpass,2285880676.0,128.0
2306073-1,de_mirage,1953099299.0,128.0
2307284-0,de_mirage,1953099299.0,128.0
2307285-0,de_overpass,2285880676.0,128.0
2307286-0,de_train,487988445.0,128.0
2307288-0,de_overpass,2285880676.0,128.0
2307289-0,de_cache,1903442639.0,128.0
2307290-0,de_train,487988445.0,128.0
2307290-1,de_dust2,1954603074.0,128.0
2307291-0,de_dust2,1954603074.0,128.0
2307291-1,de_overpass,2285880676.0,128.0
2307292-0,de_train,487988445.0,128.0
2307292-1,de_mirage,1953099299.0,128.0
2307293-0,de_dust2,1954603074.0,128.0
2307293-1,de_cache,1903442639.0,128.0
2307293-2,de_mirage,1953099299.0,128.0
2307294-0,de_train,487988445.0,128.0
2307294-1,de_overpass,2285880676.0,128.0
2307295-0,de_mirage,1953099299.0,128.0
2307295-1,de_overpass,2285880676.0,128.0
2307296-0,de_dust2,1954603074.0,128.0
2307296-1,de_train,487988445.0,128.0
2307904-0,de_nuke,679560331.0,128.0
2307905-0,de_inferno,1966908865.0,128.0
2307906-0,de_cbble,988540422.0,128.0
2307907-0,de_inferno,1966908865.0,128.0
2307908-0,de_cbble,988540422.0,128.0
2307909-0,de_overpass,1151705951.0,128.0
2307910-0,de_mirage,2683197182.0,128.0
2307911-0,de_cbble,988540422.0,128.0
2307921-0,de_nuke,679560331.0,128.0
2307922-0,de_mirage,2683197182.0,128.0
2307923-0,de_cbble,988540422.0,128.0
2307924-0,de_mirage,2683197182.0,128.0
2307925-0,de_nuke,679560331.0,128.0
2307927-0,de_overpass,1151705951.0,128.0
2307928-0,de_mirage,2683197182.0,128.0
2307929-0,de_nuke,679560331.0,128.0
2307929-1,de_cbble,988540422.0,128.0
2307930-0,de_mirage,2683197182.0,128.0
2307930-1,de_cbble,988540422.0,128.0
2307931-0,de_cbble,988540422.0,128.0
2307931-1,de_train,2834104219.0,128.0
2307932-0,de_mirage,2683197182.0,128.0
2307932-1,de_nuke,679560331.0,128.0
2307932-2,de_train,2834104219.0,128.0
2307933-0,de_nuke,679560331.0,128.0
2307933-1,de_inferno,1966908865.0,128.0
2307934-0,de_train,2834104219.0,128.0
2307934-1,de_mirage,2683197182.0,128.0
2307935-0,de_inferno,1966908865.0,128.0
2307935-1,de_mirage,2683197182.0,128.0
2307936-0,de_mirage,2683197182.0,128.0
2307936-1,de_train,2834104219.0,128.0
2307937-0,de_nuke,679560331.0,128.0
2307937-1,de_overpass,1151705951.0,128.0
2307937-2,de_train,2834104219.0,128.0
2307938-0,de_cache,1060854352.0,128.0
2307938-1,de_mirage,2683197182.0,128.0
2307939-0,de_cbble,988540422.0,128.0
2307939-1,de_train,2834104219.0,128.0
2307939-2,de_mirage,2683197182.0,128.0
2311211-0,de_cbble,754870349.0,128.0
2311212-0,de_nuke,1429090831.0,128.0
2311213-0,de_inferno,1966908865.0,128.0
2311214-0,de_inferno,1966908865.0,128.0
2311215-0,de_inferno,1966908865.0,128.0
2311216-0,de_mirage,2683197182.0,128.0
2311217-0,de_cache,1560576749.0,128.0
2311218-0,de_cbble,754870349.0,128.0
2311219-0,de_nuke,1429090831.0,128.0
2311220-0,de_train,2834104219.0,128.0
2311221-0,de_cache,1560576749.0,128.0
2311222-0,de_cbble,754870349.0,128.0
2311223-0,de_nuke,1429090831.0,128.0
2311224-0,de_cbble,754870349.0,128.0
2311225-0,de_mirage,2683197182.0,128.0
2311226-0,de_mirage,2683197182.0,128.0
2311227-0,de_nuke,1429090831.0,128.0
2311228-0,de_overpass,1151705951.0,128.0
2311229-0,de_cbble,754870349.0,128.0
2311230-0,de_cbble,754870349.0,128.0
2311231-0,de_mirage,2683197182.0,128.0
2311232-0,de_inferno,1966908865.0,128.0
2311233-0,de_cbble,754870349.0,128.0
2311234-0,de_overpass,1151705951.0,128.0
2311235-0,de_cbble,754870349.0,128.0
2311236-0,de_mirage,2683197182.0,128.0
2311237-0,de_inferno,1966908865.0,128.0
2311238-0,de_cbble,754870349.0,128.0
2311239-0,de_cbble,754870349.0,128.0
2311240-0,de_mirage,2683197182.0,128.0
2311267-0,de_mirage,2683197182.0,128.0
2311267-1,de_cache,1560576749.0,128.0
2311268-0,de_cbble,754870349.0,128.0
2311268-2,de_nuke,1429090831.0,128.0
2311269-0,de_cache,1560576749.0,128.0
2311269-1,de_overpass,1151705951.0,128.0
2311270-0,de_nuke,1429090831.0,128.0
2311270-1,de_mirage,2683197182.0,128.0
2311271-0,de_cache,1560576749.0,128.0
2311271-1,de_cbble,754870349.0,128.0
2311271-2,de_overpass,1151705951.0,128.0
2311271-3,de_inferno,1966908865.0,128.0
2306808-0,de_train,4074319541.0,128.0
2306809-0,de_cbble,787242208.0,128.0
2306810-0,de_mirage,1953099299.0,128.0
2306810-1,de_cache,1903442639.0,128.0
2306810-2,de_dust2,3406488821.0,128.0
2306838-0,de_nuke,2437276733.0,128.0
2306839-0,de_mirage,1953099299.0,128.0
2306840-0,de_mirage,1953099299.0,128.0
2306841-0,de_dust2,3406488821.0,128.0
2306841-1,de_overpass,2285880676.0,128.0
2306841-2,de_train,4074319541.0,128.0
2306842-0,de_cache,1903442639.0,128.0
2306842-1,de_dust2,3406488821.0,128.0
2306871-0,de_cbble,787242208.0,128.0
2306871-1,de_train,4074319541.0,128.0
2306871-2,de_mirage,1953099299.0,128.0
2306873-0,de_train,4074319541.0,128.0
2306873-1,de_cbble,787242208.0,128.0
2306873-2,de_mirage,1953099299.0,128.0
2306933-0,de_cbble,787242208.0,128.0
2306933-1,de_overpass,2285880676.0,128.0
2306933-2,de_mirage,1953099299.0,128.0
2306933-3,de_dust2,3406488821.0,128.0
2307329-0,de_mirage,1953099299.0,128.0
2307329-1,de_cache,1903442639.0,128.0
2307330-0,de_mirage,1953099299.0,128.0
2307330-1,de_train,487988445.0,128.0
2307331-0,de_cache,1903442639.0,128.0
2307331-1,de_cbble,787242208.0,128.0
2307332-0,de_train,487988445.0,128.0
2307332-1,de_cache,1903442639.0,128.0
2307333-0,de_overpass,2285880676.0,128.0
2307333-1,de_mirage,1953099299.0,128.0
2307335-0,de_mirage,1953099299.0,128.0
2307335-1,de_cache,1903442639.0,128.0
2307336-0,de_overpass,2285880676.0,128.0
2307336-1,de_dust2,1954603074.0,128.0
2307337-0,de_mirage,1953099299.0,128.0
2307337-1,de_cache,1903442639.0,128.0
2307338-0,de_mirage,1953099299.0,128.0
2307338-1,de_cache,1903442639.0,128.0
2307339-0,de_train,487988445.0,128.0
2307339-1,de_cbble,787242208.0,128.0
2307340-0,de_overpass,2285880676.0,128.0
2307340-1,de_train,487988445.0,128.0
2307341-0,de_cbble,787242208.0,128.0
2307341-1,de_train,487988445.0,128.0
2307342-0,de_train,487988445.0,128.0
2307342-1,de_mirage,1953099299.0,128.0
2307344-0,de_cbble,787242208.0,128.0
2307344-1,de_mirage,1953099299.0,128.0
2307345-0,de_overpass,2285880676.0,128.0
2307345-1,de_cache,1903442639.0,128.0
2307346-0,de_cbble,787242208.0,128.0
2307346-1,de_overpass,2285880676.0,128.0
2307347-0,de_dust2,1954603074.0,128.0
2307347-1,de_cache,1903442639.0,128.0
2307348-0,de_mirage,1953099299.0,128.0
2307348-1,de_train,487988445.0,128.0
2307349-0,de_cache,1903442639.0,128.0
2307349-1,de_dust2,1954603074.0,128.0
2307350-0,de_cbble,787242208.0,128.0
2307350-1,de_cache,1903442639.0,128.0
2307351-0,de_cbble,787242208.0,128.0
2307351-1,de_mirage,1953099299.0,128.0
2307352-0,de_dust2,1954603074.0,128.0
2307352-1,de_cbble,787242208.0,128.0
2307354-1,de_mirage,1953099299.0,128.0
2307355-0,de_train,487988445.0,128.0
2307355-1,de_cache,1903442639.0,128.0
2307356-0,de_mirage,1953099299.0,128.0
2307356-1,de_dust2,1954603074.0,128.0
2307357-0,de_mirage,1953099299.0,128.0
2307357-1,de_dust2,1954603074.0,128.0
2307358-0,de_cbble,787242208.0,128.0
2307358-1,de_overpass,2285880676.0,128.0
2307369-0,de_cbble,787242208.0,128.0
2307369-1,de_dust2,1954603074.0,128.0
2307370-0,de_cbble,787242208.0,128.0
2307370-1,de_train,487988445.0,128.0
2307371-0,de_cbble,787242208.0,128.0
2307371-1,de_mirage,1953099299.0,128.0
2307372-0,de_mirage,1953099299.0,128.0
2307372-1,de_overpass,2285880676.0,128.0
2307373-1,de_dust2,1954603074.0,128.0
2307374-0,de_overpass,2285880676.0,128.0
2307374-1,de_cbble,787242208.0,128.0
2307375-0,de_mirage,1953099299.0,128.0
2307375-1,de_cache,3259980128.0,128.0
2307376-0,de_cbble,787242208.0,128.0
2307376-1,de_mirage,1953099299.0,128.0
2307377-0,de_dust2,1954603074.0,128.0
2307377-1,de_overpass,2285880676.0,128.0
2307378-0,de_dust2,1954603074.0,128.0
2307378-1,de_mirage,1953099299.0,128.0
2307380-0,de_cache,1903442639.0,128.0
2307380-1,de_train,487988445.0,128.0
2307381-0,de_nuke,198936178.0,128.0
2307381-1,de_cache,3259980128.0,128.0
2307382-0,de_mirage,2683197182.0,128.0
2307382-1,de_cbble,787242208.0,128.0
2307383-0,de_nuke,198936178.0,128.0
2307383-1,de_cbble,787242208.0,128.0
2307385-0,de_mirage,2683197182.0,128.0
2307385-1,de_cache,3259980128.0,128.0
2307386-0,de_dust2,1954603074.0,128.0
2307386-1,de_overpass,2285880676.0,128.0
2307387-0,de_train,487988445.0,128.0
2307387-1,de_cache,3259980128.0,128.0
2307388-0,de_train,487988445.0,128.0
2307388-1,de_cache,3259980128.0,128.0
2307390-0,de_overpass,2285880676.0,128.0
2307390-1,de_cache,3259980128.0,128.0
2307391-0,de_cbble,787242208.0,128.0
2307391-1,de_cache,3259980128.0,128.0
2307392-0,de_mirage,2683197182.0,128.0
2307392-1,de_dust2,1954603074.0,128.0
2307393-0,de_overpass,2285880676.0,128.0
2307394-0,de_cache,3259980128.0,128.0
2307394-1,de_overpass,2285880676.0,128.0
2307395-0,de_dust2,1954603074.0,128.0
2307395-1,de_cache,3259980128.0,128.0
2307396-0,de_cache,3259980128.0,128.0
2307396-1,de_train,487988445.0,128.0
2307397-0,de_cache,3259980128.0,128.0
2307397-1,de_train,487988445.0,128.0
2307398-0,de_mirage,2683197182.0,128.0
2307398-1,de_overpass,2285880676.0,128.0
2307399-0,de_dust2,1954603074.0,128.0
2307399-1,de_mirage,2683197182.0,128.0
2307451-0,de_mirage,2683197182.0,128.0
2307451-1,de_overpass,2285880676.0,128.0
2307452-0,de_cache,3259980128.0,128.0
2307452-1,de_train,487988445.0,128.0
2307453-0,de_mirage,2683197182.0,128.0
2307453-1,de_cbble,787242208.0,128.0
2307454-0,de_cbble,787242208.0,128.0
2307454-1,de_cache,3259980128.0,128.0
2307455-0,de_cache,3259980128.0,128.0
2307455-1,de_mirage,2683197182.0,128.0
2307455-2,de_dust2,1954603074.0,128.0
2307456-0,de_mirage,2683197182.0,128.0
2307456-1,de_dust2,1954603074.0,128.0
2307456-2,de_nuke,198936178.0,128.0
2307457-0,de_cache,3259980128.0,128.0
2307457-2,de_cbble,787242208.0,128.0
2307458-0,de_nuke,198936178.0,128.0
2307458-1,de_cbble,787242208.0,128.0
2307459-0,de_cache,3259980128.0,128.0
2307459-1,de_cbble,787242208.0,128.0
2307459-2,de_dust2,1954603074.0,128.0
2307460-0,de_dust2,1954603074.0,128.0
2307460-1,de_mirage,2683197182.0,128.0
2307461-0,de_cbble,787242208.0,128.0
2307461-1,de_nuke,198936178.0,128.0
2307462-0,de_train,487988445.0,128.0
2307462-1,de_dust2,1954603074.0,128.0
2307428-0,de_cbble,787242208.0,128.0
2307429-0,de_overpass,2285880676.0,128.0
2307430-0,de_dust2,1954603074.0,128.0
2307431-0,de_overpass,2285880676.0,128.0
2307432-0,de_cbble,787242208.0,128.0
2307433-0,de_nuke,149708965.0,128.0
2307434-0,de_cache,1903442639.0,128.0
2307434-1,de_train,487988445.0,128.0
2307435-0,de_mirage,1953099299.0,128.0
2307435-1,de_cache,1903442639.0,128.0
2307436-1,de_overpass,2285880676.0,128.0
2307436-2,de_cbble,787242208.0,128.0
2307437-0,de_dust2,1954603074.0,128.0
2307437-1,de_train,487988445.0,128.0
2307438-0,de_train,487988445.0,128.0
2307438-1,de_dust2,1954603074.0,128.0
2307438-2,de_cbble,787242208.0,128.0
2307439-0,de_cache,1903442639.0,128.0
2307439-1,de_nuke,149708965.0,128.0
2307440-0,de_cache,1903442639.0,128.0
2307440-1,de_train,487988445.0,128.0
2310104-0,de_overpass,1151705951.0,128.0
2310105-0,de_inferno,1966908865.0,128.0
2310106-0,de_train,2834104219.0,128.0
2310107-0,de_cache,1560576749.0,128.0
2310108-0,de_nuke,1429090831.0,128.0
2310109-0,de_inferno,1966908865.0,128.0
2310110-0,de_mirage,2683197182.0,128.0
2310110-1,de_nuke,1429090831.0,128.0
2310111-0,de_cbble,754870349.0,128.0
2310111-1,de_train,2834104219.0,128.0
2310111-2,de_nuke,1429090831.0,128.0
2310112-0,de_nuke,1429090831.0,128.0
2310112-1,de_inferno,1966908865.0,128.0
2310113-0,de_cbble,754870349.0,128.0
2310113-1,de_inferno,1966908865.0,128.0
2310113-2,de_cache,1560576749.0,128.0
2310114-0,de_overpass,1151705951.0,128.0
2310114-1,de_inferno,1966908865.0,128.0
2310114-2,de_cbble,754870349.0,128.0
2310115-0,de_nuke,1429090831.0,128.0
2310115-1,de_train,2834104219.0,128.0
2310115-2,de_cbble,754870349.0,128.0
2310116-0,de_train,2834104219.0,128.0
2310116-1,de_inferno,1966908865.0,128.0
2310289-0,de_train,2834104219.0,128.0
2310293-0,de_mirage,2683197182.0,128.0
2310294-0,de_train,2834104219.0,128.0
2310295-0,de_mirage,2683197182.0,128.0
2310295-1,de_nuke,1429090831.0,128.0
2310295-2,de_train,2834104219.0,128.0
2310296-0,de_inferno,1966908865.0,128.0
2310296-1,de_cbble,754870349.0,128.0
2310297-0,de_cbble,754870349.0,128.0
2310297-1,de_train,2834104219.0,128.0
2310297-2,de_mirage,2683197182.0,128.0
2310298-0,de_cbble,754870349.0,128.0
2310298-1,de_train,2834104219.0,128.0
2310299-0,de_overpass,1151705951.0,128.0
2310299-1,de_cache,1560576749.0,128.0
2310299-2,de_cbble,754870349.0,128.0
2310300-0,de_cbble,754870349.0,128.0
2310300-1,de_cache,1560576749.0,128.0
2310301-0,de_cache,1560576749.0,128.0
2310301-1,de_cbble,754870349.0,128.0
2310384-0,de_inferno,1966908865.0,128.0
2310385-0,de_cbble,754870349.0,128.0
2310386-0,de_cache,1560576749.0,128.0
2307081-2,de_dust2,1954603074.0,128.0
2307082-0,de_mirage,1953099299.0,128.0
2307082-1,de_cbble,787242208.0,128.0
2307083-0,de_dust2,1954603074.0,128.0
2307083-1,de_cbble,787242208.0,128.0
2307084-0,de_cache,1903442639.0,128.0
2307084-1,de_train,487988445.0,128.0
2307085-0,de_dust2,1954603074.0,128.0
2307085-1,de_cbble,787242208.0,128.0
2307086-0,de_mirage,1953099299.0,128.0
2307086-1,de_dust2,1954603074.0,128.0
2307087-0,de_mirage,1953099299.0,128.0
2307087-1,de_dust2,1954603074.0,128.0
2307088-0,de_train,487988445.0,128.0
2307088-1,de_dust2,1954603074.0,128.0
2307089-0,de_dust2,1954603074.0,128.0
2307089-1,de_cbble,787242208.0,128.0
2307090-0,de_dust2,1954603074.0,128.0
2307091-2,de_dust2,1954603074.0,128.0
2307092-0,de_mirage,1953099299.0,128.0
2307092-1,de_cache,1903442639.0,128.0
2307093-0,de_mirage,1953099299.0,128.0
2307094-0,de_cbble,787242208.0,128.0
2307094-2,de_mirage,1953099299.0,128.0
2307095-0,de_dust2,1954603074.0,128.0
2307095-1,de_mirage,1953099299.0,128.0
2307096-0,de_cache,1903442639.0,128.0
2307096-1,de_overpass,2285880676.0,128.0
2307097-0,de_nuke,149708965.0,128.0
2307097-1,de_overpass,2285880676.0,128.0
2307098-0,de_dust2,1954603074.0,128.0
2307098-1,de_cache,1903442639.0,128.0
2307099-0,de_train,487988445.0,128.0
2307099-1,de_cbble,787242208.0,128.0
2307100-2,de_mirage,1953099299.0,128.0
2307102-0,de_dust2,1954603074.0,128.0
2307102-2,de_nuke,149708965.0,128.0
2307186-0,de_cache,1903442639.0,128.0
2307186-1,de_overpass,2285880676.0,128.0
2307187-0,de_cache,1903442639.0,128.0
2307187-1,de_train,487988445.0,128.0
2307187-2,de_dust2,1954603074.0,128.0
2307228-0,de_mirage,1953099299.0,128.0
2307228-1,de_train,487988445.0,128.0
2308138-0,de_train,2834104219.0,128.0
2308139-0,de_cache,1060854352.0,128.0
2308141-0,de_overpass,1151705951.0,128.0
2308142-0,de_inferno,1966908865.0,128.0
2308143-0,de_train,2834104219.0,128.0
2308144-0,de_cache,1060854352.0,128.0
2308145-0,de_train,2834104219.0,128.0
2308146-0,de_cache,1060854352.0,128.0
2308147-0,de_inferno,1966908865.0,128.0
2308148-0,de_cbble,988540422.0,128.0
2308149-0,de_train,2834104219.0,128.0
2308150-0,de_mirage,2683197182.0,128.0
2308151-0,de_train,2834104219.0,128.0
2308152-0,de_inferno,1966908865.0,128.0
2308153-0,de_train,2834104219.0,128.0
2308155-0,de_overpass,1151705951.0,128.0
2308157-0,de_cbble,988540422.0,128.0
2308158-0,de_cbble,988540422.0,128.0
2308159-0,de_mirage,2683197182.0,128.0
2308160-0,de_mirage,2683197182.0,128.0
2308161-0,de_cbble,988540422.0,128.0
2308162-0,de_inferno,1966908865.0,128.0
2308163-0,de_cbble,988540422.0,128.0
2308164-0,de_overpass,1151705951.0,128.0
2308165-0,de_nuke,679560331.0,128.0
2308166-0,de_cbble,988540422.0,128.0
2308167-0,de_mirage,2683197182.0,128.0
2308168-0,de_cache,1060854352.0,128.0
2308168-2,de_cbble,988540422.0,128.0
2308169-1,de_nuke,679560331.0,128.0
2308170-0,de_inferno,1966908865.0,128.0
2308170-1,de_mirage,2683197182.0,128.0
2308171-0,de_train,2834104219.0,128.0
2308171-1,de_nuke,679560331.0,128.0
2308172-0,de_cache,1060854352.0,128.0
2308172-1,de_overpass,1151705951.0,128.0
2308172-2,de_nuke,679560331.0,128.0
2308172-3,de_inferno,1966908865.0,128.0
2309853-0,de_cache,1560576749.0,128.0
2309854-0,de_cache,1560576749.0,128.0
2309854-1,de_cbble,2718369684.0,128.0
2309855-0,de_cbble,2718369684.0,128.0
2309855-1,de_mirage,2683197182.0,128.0
2309856-0,de_nuke,1429090831.0,128.0
2309856-1,de_inferno,1966908865.0,128.0
2309856-2,de_cbble,754870349.0,128.0
2309857-0,de_mirage,2683197182.0,128.0
2309857-1,de_train,2834104219.0,128.0
2309857-3,de_nuke,1429090831.0,128.0
2309858-0,de_train,2834104219.0,128.0
2309858-1,de_cache,1560576749.0,128.0
2309859-0,de_nuke,1429090831.0,128.0
2309859-1,de_train,2834104219.0,128.0
2309859-2,de_mirage,2683197182.0,128.0
2309860-0,de_inferno,1966908865.0,128.0
2309860-1,de_cache,1560576749.0,128.0
2309861-0,de_cache,1560576749.0,128.0
2309861-1,de_cbble,754870349.0,128.0
2309861-2,de_mirage,2683197182.0,128.0
2309862-0,de_cbble,754870349.0,128.0
2309862-1,de_cache,1560576749.0,128.0
2309863-0,de_inferno,1966908865.0,128.0
2309863-1,de_train,2834104219.0,128.0
2309863-2,de_mirage,2683197182.0,128.0
2309864-0,de_train,2834104219.0,128.0
2309864-1,de_nuke,1429090831.0,128.0
2309865-2,de_inferno,1966908865.0,128.0
2309865-3,de_mirage,2683197182.0,128.0
2309865-4,de_cbble,754870349.0,128.0
2309866-0,de_inferno,1966908865.0,128.0
2309866-1,de_cache,1560576749.0,128.0
2309866-2,de_train,2834104219.0,128.0
2307642-0,de_overpass,2285880676.0,128.0
2307643-0,de_cache,3259980128.0,128.0
2307646-0,de_overpass,2285880676.0,128.0
2307648-0,de_dust2,1954603074.0,128.0
2307650-0,de_cache,3259980128.0,128.0
2307651-0,de_cbble,787242208.0,128.0
2307653-0,de_dust2,1954603074.0,128.0
2307660-0,de_cbble,787242208.0,128.0
2307660-1,de_mirage,2683197182.0,128.0
2307662-0,de_cbble,1607849851.0,128.0
2307662-1,de_train,2834104219.0,128.0
2307662-2,de_cache,3259980128.0,128.0
2307663-1,de_overpass,2540839779.0,128.0
2307663-2,de_nuke,198936178.0,128.0
2307664-0,de_cache,3259980128.0,128.0
2307664-1,de_train,2834104219.0,128.0
2307664-2,de_nuke,198936178.0,128.0
2307665-0,de_cache,3259980128.0,128.0
2307665-1,de_dust2,1923960555.0,128.0
2307665-2,de_mirage,2683197182.0,128.0
2307666-0,de_nuke,198936178.0,128.0
2307666-1,de_cache,3259980128.0,128.0
2307666-2,de_dust2,1923960555.0,128.0
2307667-0,de_train,2834104219.0,128.0
2307667-2,de_cbble,1607849851.0,128.0
2307668-0,de_dust2,1923960555.0,128.0
2309259-0,de_cbble,2718369684.0,128.0
2309260-0,de_mirage,2683197182.0,128.0
2309261-0,de_mirage,2683197182.0,128.0
2309262-0,de_train,2834104219.0,128.0
2309263-0,de_cache,1560576749.0,128.0
2309264-0,de_inferno,1966908865.0,128.0
2309265-0,de_inferno,1966908865.0,128.0
2309395-0,de_cbble,2718369684.0,128.0
2309396-0,de_cbble,2718369684.0,128.0
2309397-0,de_mirage,2683197182.0,128.0
2309399-0,de_cbble,2718369684.0,128.0
2309400-0,de_overpass,1151705951.0,128.0
2309401-0,de_cbble,2718369684.0,128.0
2309402-0,de_mirage,2683197182.0,128.0
2309410-0,de_mirage,2683197182.0,128.0
2309411-0,de_cbble,2718369684.0,128.0
2309412-0,de_cache,1560576749.0,128.0
2309413-0,de_mirage,2683197182.0,128.0
2309414-0,de_inferno,1966908865.0,128.0
2309415-0,de_nuke,1429090831.0,128.0
2309416-0,de_overpass,1151705951.0,128.0
2309417-0,de_mirage,2683197182.0,128.0
2309418-0,de_inferno,1966908865.0,128.0
2309419-0,de_cbble,2718369684.0,128.0
2309420-0,de_inferno,1966908865.0,128.0
2309421-0,de_cache,1560576749.0,128.0
2309422-0,de_overpass,1151705951.0,128.0
2309423-0,de_train,2834104219.0,128.0
2309424-0,de_train,2834104219.0,128.0
2309425-0,de_cache,1560576749.0,128.0
2309426-0,de_train,2834104219.0,128.0
2309427-0,de_inferno,1966908865.0,128.0
2309427-1,de_nuke,1429090831.0,128.0
2309427-2,de_train,2834104219.0,128.0
2309428-0,de_cbble,2718369684.0,128.0
2309428-1,de_cache,1560576749.0,128.0
2309428-2,de_overpass,1151705951.0,128.0
2309429-0,de_overpass,1151705951.0,128.0
2309429-1,de_inferno,1966908865.0,128.0
2309429-2,de_mirage,2683197182.0,128.0
2309430-0,de_cache,1560576749.0,128.0
2309430-1,de_inferno,1966908865.0,128.0
2309431-0,de_mirage,2683197182.0,128.0
2309431-1,de_train,2834104219.0,128.0
2309432-0,de_overpass,1151705951.0,128.0
2309432-1,de_nuke,1429090831.0,128.0
2309433-0,de_mirage,2683197182.0,128.0
2309433-1,de_nuke,1429090831.0,128.0
2309433-2,de_inferno,1966908865.0,128.0
2310238-0,de_inferno,1966908865.0,128.0
2310239-0,de_cbble,754870349.0,128.0
2310240-0,de_inferno,1966908865.0,128.0
2310242-0,de_train,2834104219.0,128.0
2310243-0,de_train,2834104219.0,128.0
2310245-0,de_cbble,754870349.0,128.0
2310246-0,de_train,2834104219.0,128.0
2310246-1,de_cache,1560576749.0,128.0
2310246-2,de_inferno,1966908865.0,128.0
2310246-3,de_overpass,1151705951.0,128.0
2310247-0,de_train,2834104219.0,128.0
2310247-1,de_overpass,1151705951.0,128.0
2310248-0,de_cbble,754870349.0,128.0
2310248-1,de_nuke,1429090831.0,128.0
2310248-2,de_train,2834104219.0,128.0
2310249-0,de_cbble,754870349.0,128.0
2310250-0,de_train,2834104219.0,128.0
2310251-0,de_cache,1560576749.0,128.0
2310252-0,de_inferno,1966908865.0,128.0
2310253-0,de_nuke,1429090831.0,128.0
2310254-0,de_train,2834104219.0,128.0
2310255-0,de_nuke,1429090831.0,128.0
2310256-0,de_train,2834104219.0,128.0
2311429-0,de_cache,1560576749.0,128.0
2311430-0,de_cache,1560576749.0,128.0
2311431-0,de_train,2834104219.0,128.0
2311432-0,de_cache,1560576749.0,128.0
2311433-0,de_overpass,1151705951.0,128.0
2311434-0,de_train,2834104219.0,128.0
2311435-0,de_cbble,754870349.0,128.0
2311436-0,de_mirage,2683197182.0,128.0
2311437-0,de_overpass,1151705951.0,128.0
2311437-1,de_train,2834104219.0,128.0
2311438-0,de_overpass,1151705951.0,128.0
2311438-1,de_mirage,2683197182.0,128.0
2311439-0,de_mirage,2683197182.0,128.0
2311439-1,de_cache,1560576749.0,128.0
2311440-0,de_overpass,1151705951.0,128.0
2311440-1,de_train,2834104219.0,128.0
2311441-0,de_train,2834104219.0,128.0
2311441-1,de_cache,1560576749.0,128.0
2311442-0,de_train,2834104219.0,128.0
2311442-1,de_cache,1560576749.0,128.0
2311443-0,de_inferno,1966908865.0,128.0
2311443-1,de_cache,1560576749.0,128.0
2311444-0,de_mirage,2683197182.0,128.0
2311444-1,de_inferno,1966908865.0,128.0
2311444-2,de_cache,1560576749.0,128.0
2311178-0,de_train,2834104219.0,128.0
2311179-0,de_cbble,754870349.0,128.0
2311180-0,de_cache,1560576749.0,128.0
2311181-0,de_overpass,1151705951.0,128.0
2311182-0,de_cbble,754870349.0,128.0
2311183-0,de_cbble,754870349.0,128.0
2311183-1,de_mirage,2683197182.0,128.0
2311184-0,de_mirage,2683197182.0,128.0
2311184-1,de_nuke,1429090831.0,128.0
2311185-0,de_inferno,1966908865.0,128.0
2311186-0,de_train,2834104219.0,128.0
2311186-1,de_inferno,1966908865.0,128.0
2311187-0,de_inferno,1966908865.0,128.0
2311187-1,de_overpass,1151705951.0,128.0
2311188-0,de_mirage,2683197182.0,128.0
2311188-1,de_cache,1560576749.0,128.0
2311188-2,de_overpass,1151705951.0,128.0
2311189-0,de_inferno,1966908865.0,128.0
2311190-0,de_train,2834104219.0,128.0
2311190-1,de_nuke,1429090831.0,128.0
2311190-2,de_mirage,2683197182.0,128.0
2311191-0,de_mirage,2683197182.0,128.0
2311191-1,de_train,2834104219.0,128.0
2311192-1,de_overpass,1151705951.0,128.0
2311193-0,de_mirage,2683197182.0,128.0
2311193-1,de_cache,1560576749.0,128.0
2311193-2,de_cbble,754870349.0,128.0
2310675-0,de_mirage,2683197182.0,128.0
2310676-0,de_mirage,2683197182.0,128.0
2310677-0,de_cbble,754870349.0,128.0
2310678-0,de_inferno,1966908865.0,128.0
2310679-0,de_train,2834104219.0,128.0
2310680-0,de_mirage,2683197182.0,128.0
2310683-0,de_overpass,1151705951.0,128.0
2310684-0,de_cache,1560576749.0,128.0
2310685-0,de_cache,1560576749.0,128.0
2310686-0,de_train,2834104219.0,128.0
2310687-0,de_overpass,1151705951.0,128.0
2310687-1,de_inferno,1966908865.0,128.0
2310688-0,de_cache,1560576749.0,128.0
2310688-1,de_overpass,1151705951.0,128.0
2310688-2,de_train,2834104219.0,128.0
2310689-0,de_cache,1560576749.0,128.0
2310689-1,de_inferno,1966908865.0,128.0
2309736-0,de_train,2834104219.0,128.0
2309737-0,de_cbble,2718369684.0,128.0
2309738-0,de_train,2834104219.0,128.0
2309740-0,de_cbble,2718369684.0,128.0
2309741-0,de_inferno,1966908865.0,128.0
2309742-0,de_train,2834104219.0,128.0
2309743-0,de_train,2834104219.0,128.0
2309758-0,de_cache,1560576749.0,128.0
2309759-0,de_cbble,2718369684.0,128.0
2309760-0,de_train,2834104219.0,128.0
2309761-0,de_cache,1560576749.0,128.0
2309762-0,de_cbble,2718369684.0,128.0
2309763-0,de_train,2834104219.0,128.0
2309776-0,de_nuke,1429090831.0,128.0
2309777-0,de_inferno,1966908865.0,128.0
2309777-1,de_train,2834104219.0,128.0
2309778-0,de_nuke,1429090831.0,128.0
2309785-0,de_overpass,1151705951.0,128.0
2309785-1,de_mirage,2683197182.0,128.0
2309785-3,de_inferno,1966908865.0,128.0
2309786-0,de_overpass,1151705951.0,128.0
2309786-2,de_nuke,1429090831.0,128.0
2309787-0,de_overpass,1151705951.0,128.0
2309788-1,de_train,2834104219.0,128.0
2309794-2,de_mirage,2683197182.0,128.0
2309795-0,de_nuke,1429090831.0,128.0
2309796-0,de_overpass,1151705951.0,128.0
2311135-0,de_train,2834104219.0,128.0
2311135-1,de_mirage,2683197182.0,128.0
2311137-0,de_overpass,1151705951.0,128.0
2311138-0,de_cbble,754870349.0,128.0
2311139-0,de_cache,1560576749.0,128.0
2311139-1,de_mirage,2683197182.0,128.0
2311140-1,de_cbble,754870349.0,128.0
2311141-0,de_cbble,754870349.0,128.0
2310442-0,de_cache,1560576749.0,128.0
2310449-0,de_cbble,754870349.0,128.0
2310476-0,de_cache,1560576749.0,128.0
